train_loss,valid_loss
0.007778982891177293,9.02183158439584e-05
0.00019304247176041826,3.187755131123898e-05
0.00013254731750445594,1.288860066512522e-05
8.811466451322001e-05,0.00010943587446430077
6.40982644884692e-05,0.00010637633896355206
4.962866141407479e-05,2.1657673874869944e-05
3.996400225332764e-05,3.565540741207466e-06
3.312811905367804e-05,6.894434722683703e-06
2.7005742333797873e-05,9.415732527365132e-06
2.4807085665815975e-05,2.37156092771329e-06
2.0389275318060146e-05,2.8293192914376658e-05
2.0174201326274974e-05,4.0869535142943886e-05
1.794725342382056e-05,3.0840281083025427e-06
1.676349364649165e-05,7.4915097827518666e-06
1.6457429115568327e-05,5.889220642857254e-05
1.5018094439619745e-05,1.1289749687421135e-05
1.4897004471185937e-05,4.597183040944704e-06
1.3666128012058228e-05,9.759598774811214e-07
1.2954074805080988e-05,8.223927942647908e-06
1.2245035850871014e-05,1.3370379568489929e-06
1.2061799006278306e-05,1.9661035386282795e-06
1.1683480627304259e-05,1.0427690355451585e-06
1.1320129552511087e-05,1.678447931675085e-05
1.0991897662067156e-05,1.4273645939344229e-05
1.0309129951338036e-05,5.7929995275723435e-06
1.048022986868394e-05,7.909636740077985e-06
1.0399388614041527e-05,8.284615943315051e-07
9.415682900074292e-06,3.617548071585285e-05
1.001614335098869e-05,1.206979772177874e-06
9.31779260163239e-06,4.211542886817672e-06
8.788321678775901e-06,3.953774536967103e-07
9.544401198422747e-06,1.4000439336814451e-05
8.27673210433962e-06,5.114633328048512e-07
8.556090705640902e-06,3.5454998978821096e-06
8.514884081099202e-06,1.1538507038494572e-05
8.283929124422684e-06,9.614765727989532e-06
8.325349991590277e-06,2.388278017436581e-06
7.734823050350314e-06,2.714779870984785e-07
7.622445410500708e-06,4.512224817638828e-06
7.686621913323204e-06,1.5319970685595763e-06
7.396268107974417e-06,3.122842052349976e-06
7.37864862768068e-06,3.5758959068819723e-07
7.008790788283174e-06,1.5013166118781859e-05
7.178745451149856e-06,3.7186505966625797e-06
7.231401488403814e-06,6.179550564714494e-07
6.592510628540064e-06,5.187666587517015e-07
6.734237892120139e-06,9.915373849556393e-07
6.775130592116814e-06,2.2313924268928532e-07
6.274830961281926e-06,9.215234344083001e-07
6.41589905036426e-06,2.2377791090093524e-07
6.368577711824249e-06,3.102777423009684e-07
6.140779805673446e-06,6.866116814732474e-06
6.179647972783186e-06,5.733116106178689e-06
6.022872792762731e-06,3.301134729675444e-06
5.979418608179306e-06,7.606521616980899e-06
5.603728322830648e-06,9.229062134302997e-06
5.995712644081171e-06,9.337262023412526e-07
5.8305298377035795e-06,4.4397535964769e-05
5.286899625067084e-06,1.11690300720511e-05
5.4004385171386575e-06,1.1257760103641582e-06
5.409454984275423e-06,1.8701398070940437e-05
5.288311655253134e-06,1.6834745520100113e-07
5.25773198708066e-06,2.0556957852871466e-05
5.1523128391579575e-06,1.9984634243883193e-05
5.437034670247461e-06,1.876471236513074e-06
4.801413742120531e-06,1.7829825982668506e-07
4.892576390748596e-06,8.952643726919026e-08
4.938401235631318e-06,6.113602867844747e-06
4.699530574096873e-06,1.8816542527323083e-07
4.7522775318858145e-06,8.413714571133823e-08
4.921755967660602e-06,3.45007612986592e-07
4.6775243664550695e-06,4.2200081625196615e-06
4.414492900910242e-06,8.243368671780142e-08
4.5951426167903265e-06,3.547587071655774e-07
4.66049824871296e-06,1.3671663837916033e-07
4.2546585042809205e-06,7.331432877108454e-05
4.652963596957231e-06,1.9028061428798536e-07
3.921356181077347e-06,9.138764228555374e-06
4.391937724983563e-06,1.586462178693182e-07
4.298884468300912e-06,7.668066652210351e-08
4.127459815113828e-06,3.5853808676620246e-06
4.207908810633398e-06,3.2604842576802186e-07
4.0697968379485395e-06,3.171046027855482e-05
4.223321769908731e-06,2.0397999636922274e-07
4.060521504273614e-06,6.892852837836472e-08
3.995971772491203e-06,8.511899385666766e-07
3.8423874687036156e-06,1.38396426589073e-05
3.9359875120851485e-06,2.452480536157964e-06
3.840400879649527e-06,1.6321876926667755e-06
4.039886529955084e-06,1.625117756778612e-07
3.8080001161082087e-06,2.584204644942171e-07
3.810380009938778e-06,1.3966447291750229e-06
4.1398420923352814e-06,6.4941153637695e-08
3.3836975499317153e-06,2.02378573800767e-06
3.4976376954242977e-06,8.14539318162133e-07
3.7674149235556343e-06,1.4268575602424486e-06
3.7302155004567792e-06,6.165147951226876e-07
3.635591654509085e-06,4.2925498410113503e-07
3.506923805199828e-06,3.975065803236551e-07
3.5995162968011604e-06,8.912467487789399e-08
3.524422498608715e-06,2.549413452288718e-06
3.4405591362902516e-06,8.315504091645683e-08
3.43545638359141e-06,8.207200015992082e-06
3.7758560094564094e-06,3.0620266850261636e-05
3.402327997758903e-06,8.616409329685363e-07
2.8785587999891503e-06,4.6236825013086976e-08
3.065399380544894e-06,4.244863902385987e-07
3.0976033932480126e-06,8.938535215080871e-06
3.418151705059813e-06,1.4891215116676903e-07
2.543488591845744e-06,8.959572897583712e-06
3.4344063330839466e-06,9.901095838965072e-06
2.843036974805576e-06,1.1143749799202851e-07
2.9034300992047216e-06,1.2408908176742746e-07
2.917611047662187e-06,2.156832959978298e-06
2.930653867809004e-06,3.096820840073633e-06
3.0179849666865266e-06,9.98398943503768e-08
2.9055887335526147e-06,7.719731103861704e-06
3.0960235119541343e-06,1.358843546768185e-07
2.706596802673289e-06,1.0525325964166161e-05
2.824345794295861e-06,2.8838160110353784e-07
2.9915623640126417e-06,1.3307164517755155e-07
2.6964835850009195e-06,1.8095201641396366e-07
2.2028430393750872e-06,1.6599764363339393e-07
2.51052285444473e-06,1.0496827961105737e-06
2.541726141136754e-06,1.0815916291448957e-07
2.4205683833078714e-06,1.4850817433519599e-05
2.568826137360247e-06,4.579549057363389e-08
2.3020466448751146e-06,2.9839317210038037e-06
2.5720042982224336e-06,7.84818362929703e-06
2.401247204685338e-06,6.142336074693352e-08
2.439976742641174e-06,3.0116302878013812e-06
2.579642981499338e-06,6.662141668130062e-07
2.627870522841628e-06,4.7291178215876544e-08
2.1313056671653876e-06,5.447479716167436e-08
2.3566194699924382e-06,6.280700601640395e-08
2.415169298863873e-06,6.902137803263031e-06
2.5597030154794235e-06,6.529077056378204e-06
2.031291227004317e-06,1.4145339887666826e-06
2.526256526848177e-06,3.4528509768036504e-05
2.1623619519128093e-06,6.273362136804887e-07
2.238112228207001e-06,5.680705067788949e-07
2.5476068575959704e-06,2.1105263715526235e-08
2.1737553938104764e-06,2.1518382654524732e-08
2.262212407994942e-06,1.4217456848200526e-06
2.2250071768207627e-06,5.710986249406839e-08
2.5186928191805197e-06,1.4047196080961535e-06
2.124732022680102e-06,4.1043276382879414e-08
2.474966460436671e-06,2.4292644438143423e-08
1.968687577221336e-06,1.1965098150540143e-06
2.1962283623665256e-06,1.120297022377296e-06
2.2591294117286035e-06,3.177086453585313e-07
2.1983207026972687e-06,2.8892042041661624e-07
2.2271303040000136e-06,3.063226182196862e-07
2.1776367851690754e-06,1.3348429563241855e-05
2.146062763245027e-06,9.99253055306326e-07
2.201589005723766e-06,8.767658879757316e-08
2.1430379870319407e-06,1.7036410617947695e-07
2.180973677648505e-06,1.50009457509744e-07
2.1662479750645504e-06,1.4562847642688819e-07
2.173095367272045e-06,1.5178698750484424e-06
1.7432428689308684e-06,5.045798653857977e-07
1.9592756339974927e-06,1.0874977026105626e-06
1.9782294574530584e-06,2.773029215859424e-07
1.8868237748786024e-06,6.565747335419777e-07
1.9104292956095986e-06,1.799346036705174e-07
2.07521696240273e-06,7.023089467566024e-08
1.927901541745314e-06,2.6844135318053002e-08
2.043508057583665e-06,2.5485369698685646e-08
1.6899122318728625e-06,1.2444079868600966e-08
1.9681794680541505e-06,4.8909369062736614e-08
1.891319302326148e-06,2.1217353162228393e-08
2.073981082806616e-06,2.6032278842080813e-08
1.616602923719294e-06,2.563198497106593e-06
1.995718108595194e-06,5.2902312118400614e-08
1.7093512843587178e-06,3.81871434653173e-07
1.8935571860614193e-06,1.494560847398437e-06
1.8289369817324541e-06,2.653755924863314e-07
1.8590163407774677e-06,2.556213107709482e-07
1.8005333300057676e-06,1.2025792299634e-07
1.9166868270007835e-06,2.2667245238494616e-08
1.7780259480713785e-06,1.1431695538703934e-06
1.9384024713270755e-06,4.2055996222719235e-08
1.7399724988796569e-06,1.4405937213742466e-08
1.862275747653778e-06,2.4649126950559246e-07
1.546668054775561e-06,8.074851053834209e-08
1.6582381567422052e-06,1.336873866875976e-07
1.6031966054735374e-06,6.595248195177798e-07
1.5945951810204899e-06,2.7088485351593288e-08
1.5132859540265996e-06,4.5174234686176834e-07
1.6309242190518583e-06,4.0970294471662784e-07
1.6114829581501529e-06,1.3875656394664777e-08
1.6432548813914613e-06,6.546382812909238e-07
1.5730938312763953e-06,2.6794874981798482e-08
1.5214404382907296e-06,8.995454631985922e-07
1.5937765635764359e-06,3.212846366030438e-08
1.5663811043379401e-06,1.4094475742088738e-07
1.5563671655885495e-06,3.255544082586918e-08
1.5812310225300053e-06,3.174627063951145e-06
1.5290555317399424e-06,6.152029904721227e-07
1.591538048481548e-06,6.0879106482995365e-06
1.3805578370153171e-06,2.3082243213442174e-08
1.3575733539184399e-06,3.430198173039874e-07
1.3697720875358736e-06,1.892688704856482e-08
1.5472229888248516e-06,5.247029424329715e-08
1.2264510539282014e-06,4.186314187366709e-06
1.4101906310050556e-06,1.1955519881704883e-08
1.3751702776280201e-06,1.3167514014374622e-08
1.3902863707860054e-06,9.206845559068218e-07
1.3970251395456046e-06,1.80059149755607e-08
1.279058208463842e-06,1.3259440983498886e-07
1.4225485330465897e-06,2.176359916177262e-08
1.3338663192830798e-06,5.02997024183666e-06
1.3511258736852956e-06,2.2832914495059715e-07
1.3981582519546028e-06,1.2555535527288461e-08
1.3212412195656497e-06,3.2131454716970133e-06
1.3577984022672258e-06,8.177479685400613e-09
1.1271103728262234e-06,1.0345170127645058e-06
1.1894218849773117e-06,1.094518544798954e-08
1.1953357974798943e-06,8.720409147523848e-08
1.2414159410515898e-06,3.7697990425537376e-08
1.1447251364432512e-06,3.2383239596432154e-06
1.1932848393994296e-06,6.0989621248154435e-06
1.2209713491761439e-06,9.544377495179409e-08
1.1874069834012364e-06,1.1971231549978257e-05
1.2068196733364308e-06,7.867342881221854e-09
1.171693872141333e-06,2.56825990343638e-08
1.1565683392963896e-06,1.147552406412918e-06
1.2557913889381212e-06,1.1378728620835924e-07
9.403070551542214e-07,3.3247449083925554e-07
1.1348427889167568e-06,1.1414667126530276e-08
9.960994572390784e-07,8.191130543385346e-09
1.1543288045023322e-06,1.9142824742364912e-08
1.0375033836170407e-06,6.863061347909631e-09
1.005680023750936e-06,2.4634322672530592e-08
1.0373044126522994e-06,8.27365330972422e-09
1.0112373716362792e-06,2.282523629730804e-08
1.0575912085871644e-06,5.809530747380147e-07
1.0443184814834675e-06,2.0670173663953999e-07
1.0406523573297003e-06,3.961770878314989e-08
1.0420123309510623e-06,2.1336251095741925e-08
8.974617900816403e-07,3.075190600346408e-08
9.478876054348717e-07,1.058022605585999e-08
9.243549874096146e-07,2.6221994274540825e-08
9.050486288790201e-07,2.1953022263308716e-07
9.666793977648543e-07,9.582927567438068e-06
9.253264783544305e-07,7.849300724179405e-09
9.144700389695023e-07,1.504227056102536e-07
9.392803099435317e-07,2.0985204278076708e-07
9.845591223875517e-07,2.563241256333034e-06
8.91958066341303e-07,1.1202553262042632e-08
8.559310325274793e-07,6.733081020608249e-09
9.667848751981012e-07,7.384465026552789e-06
9.069009166046509e-07,3.459845194508186e-08
8.731172752029911e-07,1.6228670965574565e-07
9.364685288022183e-07,7.473008130546077e-07
9.410090149946389e-07,7.259323096301766e-09
8.91201052597405e-07,6.938624826034356e-07
9.013519239241911e-07,1.093624986310715e-07
9.417982321859124e-07,1.060707348917352e-08
8.878794548695149e-07,1.9506973765714974e-08
9.043667915540491e-07,3.7728530848350296e-07
9.046327964296571e-07,1.2580078432241256e-08
7.736120104459824e-07,8.522065465028088e-06
7.930601727672126e-07,7.112845066596189e-09
8.317755120509437e-07,1.3665347875265373e-08
8.051161981367016e-07,2.7005588273709692e-08
8.291216709121585e-07,1.2320554351390456e-06
8.294408129280839e-07,7.19505343719599e-07
7.431806411058043e-07,2.3126659375331353e-08
8.807225284633328e-07,2.3331876032746853e-07
7.871551162066245e-07,2.6670522280255683e-06
7.944278811670813e-07,1.0475433942550201e-07
8.803451104746784e-07,6.669457989024371e-09
7.945990466360797e-07,4.171684484669906e-09
7.110954336537153e-07,1.064019369465541e-08
8.048335500177473e-07,1.8463407364303446e-08
8.085499399855441e-07,2.489680113740178e-07
7.542319179457024e-07,1.3900444372969407e-06
9.117977735828712e-07,4.5271250486014953e-07
7.349878795764652e-07,4.484236556123733e-09
7.628529558489324e-07,4.062124764535232e-08
8.478404848230999e-07,1.98895549866999e-08
7.290676399642611e-07,1.1797099873926224e-07
8.003587828800581e-07,1.0343756987178191e-08
7.870833156560527e-07,2.8798569624086666e-07
7.817741596999402e-07,8.356622324375469e-08
6.733483618839149e-07,7.438042168056806e-07
6.941819297049771e-07,5.373187780757386e-07
7.001978391296386e-07,8.974324294589072e-08
7.350096630478476e-07,3.296128411799752e-08
6.844188633566024e-07,1.1825234163609365e-08
7.609170515916474e-07,5.336247317207684e-09
6.657357830208117e-07,3.2894386696587692e-09
7.045038181378989e-07,3.1270963207437794e-08
6.87027941762904e-07,1.5338916929863444e-08
7.275985733675938e-07,3.338449718436702e-08
7.193128815562962e-07,5.136746027801565e-07
7.249272832067296e-07,1.4024857607826865e-08
6.759691300287567e-07,1.6179063931607137e-06
6.829504373995358e-07,1.7407984028371477e-06
7.208597273500317e-07,1.4015339957798764e-07
6.958352999550499e-07,5.849326977719708e-07
6.858152124581333e-07,6.695785015532843e-08
7.286059406210299e-07,2.012065342266093e-07
5.756855954308193e-07,4.6300725309023014e-05
6.480306502253322e-07,1.6719330082802722e-05
5.839877720699012e-07,5.1322315831233333e-08
6.353654448367034e-07,6.936330934337321e-09
6.44248395038538e-07,2.843884878345193e-09
6.349185935922819e-07,1.155579746997167e-08
6.053940984379243e-07,5.6053615790006e-07
6.516723502683656e-07,3.8198123274924003e-08
5.749424642730834e-07,8.807475558569422e-07
6.88464328255615e-07,3.499696423053441e-08
5.934980221595035e-07,1.7557189665543168e-07
6.19955983528205e-07,7.02003945534102e-09
6.052093771332423e-07,1.920034914292046e-06
6.328241028951354e-07,1.806640774285976e-08
6.383939190196013e-07,2.07586341739822e-09
6.177704939147451e-07,8.508678885921957e-08
5.980650226101502e-07,4.4401370960258646e-07
6.537428121207611e-07,3.187717660087704e-09
6.556946113755421e-07,1.3355608674222216e-06
5.438916075773884e-07,6.026923454858965e-08
6.514129462922587e-07,3.2330948934363354e-09
5.772319483731655e-07,4.263958318915684e-06
6.365399324103886e-07,3.426400487948437e-08
5.808048706073284e-07,3.379681963300148e-07
6.64205807979575e-07,3.2189840960465213e-09
6.070143352814601e-07,2.0384413475464195e-07
5.827855389855566e-07,1.9311152174547412e-07
6.834678238144913e-07,3.2099514039411286e-09
5.985785535867075e-07,1.7574337207311903e-08
6.078442465927481e-07,1.6587756222482615e-06
5.700627482320068e-07,4.528214688737838e-07
5.093125452416322e-07,1.7334802064093916e-06
5.850691719917478e-07,3.8763676618221626e-08
5.589167833805438e-07,7.963825207601379e-06
5.287608738398693e-07,6.468507131103251e-07
5.517589070559362e-07,6.022506873364364e-08
5.449381197754732e-07,2.6005069942281505e-06
5.488975944969591e-07,1.5793838413931856e-08
5.602121228958978e-07,3.017535942149152e-08
5.603825204418674e-07,4.0521089841168605e-09
5.384571616348902e-07,1.0993335888921744e-07
5.724283944215239e-07,7.310649166925032e-09
5.032160063185742e-07,1.171334055591918e-06
5.423754883524979e-07,1.0613607564285606e-07
5.68237380836815e-07,2.021375034140268e-06
5.272814573601182e-07,2.522211526714576e-07
5.393997154709377e-07,1.2902025916143126e-07
5.364010550709489e-07,1.700378565298403e-07
5.70194331994441e-07,5.078878075437387e-09
5.379666125140404e-07,4.844129680653471e-07
5.907688813862203e-07,7.300162776383938e-09
5.127584059367862e-07,5.844452012600717e-09
5.17287284025277e-07,1.698569761761822e-09
5.639762391373537e-07,4.04993203264894e-06
4.564698613072219e-07,5.7790882109050774e-08
4.897176495953559e-07,7.671281429111331e-09
4.872002945039829e-07,2.7018227698742218e-08
4.665276786519475e-07,6.903512657542402e-06
4.931836094348441e-07,8.445056205156712e-09
5.073644220813023e-07,1.230868813915246e-07
4.5617047716728363e-07,3.825733152780231e-08
5.109303120489627e-07,3.7297692980094625e-08
4.891080353091345e-07,2.240553800447742e-08
4.5883615755843244e-07,1.1670001596257861e-07
4.826782158923256e-07,4.024477551623325e-06
4.882940215409211e-07,2.693413978486584e-09
5.251821535154022e-07,7.881429707386663e-09
4.494706415198261e-07,5.18075756114437e-09
5.119177032926933e-07,1.3946109001021038e-08
4.5951002178353426e-07,1.1264354969474274e-07
4.869001027853889e-07,1.5765148115557774e-08
4.7456957174141225e-07,4.810409198398701e-07
4.714827597371259e-07,3.886585048803681e-07
4.903568493157688e-07,1.9488497731382872e-08
4.978299924988327e-07,1.6142065874494922e-06
4.982077157785981e-07,2.5963398086285374e-09
4.6504799699196297e-07,2.2974808568202812e-09
4.987805433811943e-07,4.026569267760275e-09
4.4090171481722486e-07,3.989206980198408e-07
4.7585888485398206e-07,2.953567099060213e-07
4.995309439890387e-07,4.851732292839491e-08
4.826290506787364e-07,1.5734471269013283e-09
4.4936980857877745e-07,1.5718437276746045e-08
4.79629324924602e-07,5.154768540766478e-06
4.792292215080707e-07,1.0579967254595128e-07
4.980605539532945e-07,1.6514406739294904e-09
4.6965402245202623e-07,6.922161631943406e-07
4.846771467413191e-07,7.353981252814871e-08
4.482605496489119e-07,1.944792624120358e-07
4.857191688879325e-07,2.1816442857887827e-08
3.992015756263475e-07,9.515099188623329e-07
4.367884833333946e-07,9.76295144520615e-09
4.394143999859009e-07,2.9394552079982835e-08
4.1442042220213676e-07,9.592240559565349e-08
4.4212135508973444e-07,2.808182130441613e-07
4.5564489939969495e-07,1.5114755234080236e-09
4.0667832052836415e-07,2.761954027263869e-09
4.20382525268496e-07,2.8212085593774343e-08
4.3553919192274766e-07,2.9263208202697418e-09
4.392695426136702e-07,3.919147690349215e-09
4.032438116956527e-07,2.537210748111344e-07
4.4058233917736447e-07,1.4644321041146213e-09
3.343415493386755e-07,5.200901208506063e-07
4.1136508185444973e-07,6.551643251683951e-06
3.6449807595021847e-07,5.059325539605197e-07
4.0366892612340167e-07,1.5254388856078549e-09
3.7655011895815586e-07,2.0428077126174077e-09
3.858034267250806e-07,4.713055506044838e-09
3.9080546290586324e-07,7.357767055509612e-07
3.846500132268282e-07,4.864313156123975e-09
3.742210593732291e-07,1.5978997913279613e-09
3.9683308620013235e-07,5.4850499905019964e-09
3.5433674196564034e-07,1.118607530315785e-07
4.310926051565171e-07,4.67869595013326e-09
2.808604808323641e-07,3.489164632962153e-07
3.3559274799666027e-07,4.6133336933659544e-07
3.5568926291773553e-07,1.835076236128922e-08
3.4699432559053277e-07,7.559253145094166e-07
3.331824058158498e-07,1.6883051750482991e-06
3.404442567781274e-07,8.23991126897757e-09
3.4059784382162543e-07,8.485785284392477e-07
3.484477289111313e-07,4.1854109490486734e-07
3.4755895450082616e-07,2.0083953492644468e-08
3.749355272203658e-07,1.769041672499346e-06
2.985744840764563e-07,4.418646577732943e-08
3.505353569988046e-07,2.4164440008670834e-09
2.8647891064480883e-07,1.70177994103445e-07
3.235689966979353e-07,2.196791393392535e-08
2.9693415910623244e-07,2.4101383797159316e-09
3.015250768632664e-07,1.0354086989915838e-07
3.134200893081918e-07,8.525997805482651e-09
2.9669441688560854e-07,1.2998544288696697e-08
3.1861671134721565e-07,9.362282572311642e-10
2.9590802712216777e-07,2.1085514314715206e-08
3.139118917380834e-07,1.5647344588766525e-07
3.0959874987107246e-07,9.211210630392467e-10
3.111141589751121e-07,2.776731247896199e-08
2.63452535034651e-07,1.6310980377909346e-09
2.7482380477428235e-07,1.2380855941349485e-06
2.7087781967264726e-07,6.092546692949933e-07
2.792289248354211e-07,5.315394624953266e-09
2.7588352712675974e-07,1.995993578951527e-09
2.8051301419722563e-07,1.065373814531275e-09
2.703337922698464e-07,1.3580571074811586e-09
2.7229347254147386e-07,1.8668133090689784e-08
2.8981902189929205e-07,8.294115218253258e-08
2.633623630659739e-07,2.999609102379471e-09
2.959614496189496e-07,2.494906664859779e-08
2.5097542256424057e-07,1.7786078245762837e-08
2.7100352906360335e-07,4.1965126725547934e-08
3.225635173096819e-07,1.2032722406729591e-08
2.2314245288160468e-07,1.2221781088707454e-07
2.859877378136607e-07,9.684265634746225e-10
2.69697672704113e-07,2.4325818647715398e-08
2.874765088979399e-07,1.2730795151583152e-07
2.685264465653425e-07,1.0837481077411818e-08
2.640054860458226e-07,2.7347153919758208e-09
2.719375928420457e-07,6.603730674517768e-08
2.7442451059149776e-07,7.508739509679193e-08
2.7972429911396664e-07,1.7411824153631035e-08
2.635025349655429e-07,2.1581573215930423e-09
2.8233357436138937e-07,8.936028076315476e-10
2.75004033632135e-07,1.1510819413492375e-09
2.2887960092649411e-07,7.641202418350682e-08
2.441798413733191e-07,1.2617655371286674e-06
2.4071518159098917e-07,1.991746792706787e-07
2.534934244727468e-07,3.628233442365551e-07
2.4472782016105773e-07,2.6309874542107536e-08
2.606524016610952e-07,1.2830380215689274e-08
2.3279411130235536e-07,2.570291929866168e-07
2.5424243245500594e-07,5.923462723330886e-07
2.386574075513348e-07,8.998498097767538e-10
2.4683322944765904e-07,6.488652332942972e-07
2.4525761948691975e-07,4.17125748632922e-07
2.0125556643457721e-07,7.966767695618179e-10
2.2177712489102793e-07,7.197642873203828e-07
2.2902722694107722e-07,1.1181493180245638e-09
2.1647624011772078e-07,1.4440602727934977e-08
2.2044919144275828e-07,3.198395263704394e-07
2.1870025209557534e-07,9.275453967442597e-09
2.4060190961797307e-07,1.7274603903653467e-08
2.041864337739341e-07,5.857375226033431e-09
2.1937346518234868e-07,2.327100420889868e-08
2.2982887421882184e-07,1.1807954442962417e-09
2.1744446707347246e-07,1.8608601501194736e-09
2.288373195519e-07,3.536926898959791e-07
1.7197524819416722e-07,2.5408428628045005e-09
2.0166028583537e-07,1.2690658136212582e-09
1.917470740731601e-07,1.8086296020859058e-07
2.1168357293894027e-07,7.668819974308387e-10
1.9479980347822945e-07,1.7419443531707656e-07
1.9833097212537491e-07,8.517870378758138e-07
2.0131420968674262e-07,3.1250965953404376e-07
1.8946353582210603e-07,4.496021727694218e-07
2.1381837639462553e-07,2.044457087357898e-09
1.8310982262284743e-07,2.1063658732600744e-07
2.158773448542206e-07,3.782414936495115e-08
1.8838638040691672e-07,1.0158878548054417e-07
1.672125742177381e-07,1.7800577064501036e-09
1.8369991040843026e-07,8.362366837294151e-08
1.744316335745122e-07,2.4271983567321814e-09
1.8390991687854037e-07,9.342564428749257e-10
1.7296295782012193e-07,9.975010885436102e-10
1.7504775728974428e-07,9.910347619855505e-07
1.820131878380741e-07,2.1391326855943287e-07
1.7524261695777513e-07,1.7490516844039422e-08
1.7752087661942658e-07,3.1620900928525465e-07
1.773194712765047e-07,1.159397643846205e-09
2.000948868179512e-07,3.932947125188472e-09
1.5335765380342833e-07,1.3283172508333032e-07
1.8576766682398826e-07,2.488972304490744e-07
1.7440880343849348e-07,1.2016296614092425e-08
1.799469200213307e-07,2.494264119377476e-07
1.8550975242891768e-07,2.6359071469528317e-08
1.7278662077401621e-07,1.2791334015673784e-07
1.780299838582818e-07,8.11693294357004e-08
1.8470508745208984e-07,1.0841387329800038e-09
1.6493278513885676e-07,1.2639827766633971e-07
1.8998914627251413e-07,1.1769710602867652e-09
1.7655390209621775e-07,7.759659743082162e-09
1.7250322934039274e-07,7.732429078662525e-10
1.4909589921036453e-07,2.33107432933366e-08
1.6325684908877016e-07,2.5225689162956164e-07
1.6244197847382993e-07,2.639180229759101e-08
1.540979280545566e-07,2.410760950984544e-09
1.5938266474531855e-07,2.3461674989751675e-07
1.6344531255613564e-07,4.255248884722581e-07
1.599000916549187e-07,4.810487696886412e-07
1.5286968157945206e-07,6.629947228778595e-08
1.6606852374908184e-07,6.023612787657839e-08
1.611723737070895e-07,1.0867871697920842e-08
1.5628897254210313e-07,8.431151251819813e-10
1.6088357130827902e-07,3.990783911528221e-07
1.4263249986547303e-07,4.711384704213136e-08
1.3410961861117047e-07,3.608772040593067e-08
1.450155623974029e-07,5.217896364229091e-09
1.437216752837885e-07,8.798724980276044e-08
1.5266934590181987e-07,5.937613656747942e-10
1.467112930775283e-07,1.1646037971028515e-09
1.4045886891621193e-07,6.657359540973573e-10
1.3688803524183336e-07,2.181240006867332e-09
1.432267569924613e-07,1.759343455110714e-08
1.5665122244573246e-07,5.157736988555446e-09
1.3457624660637712e-07,4.911096970872108e-10
1.427257274413248e-07,3.81480546622015e-08
1.438271278279372e-07,4.5447814694246823e-07
1.2598424218624635e-07,2.1439080171603565e-09
1.3504543558542358e-07,1.2215402119153396e-09
1.2301817581000426e-07,8.633518856034547e-09
1.2805668009896465e-07,2.5581674877391452e-09
1.2781360108145753e-07,1.8779281788283697e-07
1.309329106247592e-07,6.657031069797389e-10
1.2830068221701592e-07,1.3180769723627844e-07
1.3137942877851454e-07,8.958027502004029e-10
1.2959635378585096e-07,3.3976868924886123e-07
1.3130069850035103e-07,1.9680112403269353e-07
1.3182566330243912e-07,4.592987263170774e-08
1.261645662723243e-07,7.781685187483826e-10
1.2637724584655767e-07,7.202974081413534e-08
1.3142551975890981e-07,1.4276982962731684e-08
1.0654719051035321e-07,1.1222855799057167e-09
1.2268257660633293e-07,1.6250700441257019e-06
1.1461921577192355e-07,1.2512400023941458e-09
1.2010933494564688e-07,4.5143897147899755e-10
1.1324722882663322e-07,2.66078135323274e-09
1.1194634724093581e-07,1.2297702107086177e-07
1.239008509346921e-07,1.7321445302087567e-09
1.0844376858587524e-07,4.828877002556927e-10
1.2008002538781426e-07,2.8531577386618307e-10
1.192613160194996e-07,8.714619038225162e-08
1.1364356962054364e-07,1.4155409695983204e-07
1.2123495956374667e-07,3.7601460392740665e-10
9.552111871882207e-08,5.106650253476156e-10
1.0702184185054086e-07,1.6294732181165728e-08
1.0022596230814251e-07,7.774675153086719e-07
1.0389789741300782e-07,4.738372502780901e-09
1.0850888765000141e-07,1.6749814046003547e-07
1.0706514913278268e-07,5.221552979624752e-09
1.0145642347531384e-07,3.159680121693024e-09
1.0599685051360848e-07,5.441341085012634e-07
1.0320370684379447e-07,6.713674321948323e-08
1.0485846042572374e-07,2.891344901248279e-07
1.0448353997459433e-07,9.602002292533978e-10
1.0426552758723654e-07,1.1172418025395813e-09
9.060181683314313e-08,1.7437775761663942e-08
9.416264113935775e-08,1.4709228421831237e-08
9.186866720161114e-08,1.1120445923703907e-07
1.0455049100630554e-07,3.909999764110476e-10
8.652670895314222e-08,1.460515529136804e-07
9.51223474737528e-08,5.474895639423493e-09
9.607437338567948e-08,9.864846720830656e-10
9.286521952485138e-08,2.537781184022e-07
9.19583616592797e-08,1.0465057274207842e-07
1.0594525260234633e-07,2.3219090581487006e-09
8.456877346739351e-08,1.3458925000027951e-08
9.467047535480037e-08,4.326217515782105e-09
9.213613506648215e-08,9.930780596505428e-08
9.654252142009175e-08,2.483442559153559e-09
9.411488659111604e-08,1.8481027730861873e-07
9.832999810051035e-08,1.293948133934464e-07
9.172435976200581e-08,2.9634616008541076e-10
9.486391521280613e-08,3.8436487831935055e-08
9.417916693391278e-08,8.717995004190015e-07
9.432396812868819e-08,1.396336334209991e-07
9.088984909767876e-08,6.170181580766136e-08
1.0523921423766236e-07,1.353731369491129e-09
7.040574470681775e-08,5.251253076702748e-09
9.665466610579246e-08,3.9067315419742956e-07
7.525211161995375e-08,4.947118831477581e-10
8.476688399516133e-08,3.568739586986188e-09
8.849540639230824e-08,6.621258479574029e-09
8.740585236738004e-08,7.785221871851415e-09
7.862739278529466e-08,1.1578388388026421e-08
8.527773179145548e-08,6.354098712411844e-08
8.501788767321845e-08,2.4190806155578076e-07
8.632547112696157e-08,1.0122109543469074e-06
8.406954472443366e-08,5.1041641830806836e-08
9.064233573728615e-08,7.478037541138368e-09
6.934587262319436e-08,1.0816499484462839e-07
7.466023521666513e-08,2.7499440801648235e-08
7.90286634731574e-08,5.289142571503665e-09
7.705628112769277e-08,1.276720803862948e-09
7.556521424469942e-08,5.8806431470751856e-09
7.819127576884632e-08,5.7171720977559445e-09
7.328701291859919e-08,4.438829696103615e-08
7.74684359460561e-08,6.936471134319314e-08
7.511935767812172e-08,6.154662667540834e-07
7.839439031399979e-08,2.562942375258596e-07
7.798768778181457e-08,7.130083035159865e-08
7.288454244704182e-08,1.4390932964640039e-08
6.70169197753904e-08,5.220250312021335e-09
7.190184675188357e-08,2.6311568844287573e-09
6.833924524858314e-08,5.100684502027756e-10
6.760553269336001e-08,3.3543977334223506e-08
6.806696902986372e-08,9.537644166357496e-09
7.077037108016438e-08,7.632371149459989e-07
6.830489326244601e-08,1.95419604400134e-08
6.872735792055422e-08,2.9170459185934306e-09
6.86144883387844e-08,1.2975199327058818e-08
6.884986581008705e-08,3.267616921220906e-09
7.756688270947886e-08,5.375872434617198e-10
6.256636138497473e-08,3.6030893876196995e-09
6.604854905178185e-08,4.472170193518347e-08
7.035822327667862e-08,2.2052978052518788e-08
6.925624564121009e-08,9.588592716625045e-09
7.028743829429196e-08,5.430012302909404e-10
6.810285017995928e-08,9.0643359892321e-09
7.121852860256794e-08,1.3190742432319288e-08
6.86227141626509e-08,8.594212185926153e-08
6.712200921773862e-08,3.171746168239527e-07
7.17080484653354e-08,2.5008287292867712e-09
7.205662371200609e-08,5.8282075514171086e-09
6.564337265297186e-08,4.99016974136642e-09
5.736404770962563e-08,1.8344376825704482e-07
6.41068767652501e-08,2.8498482615250493e-10
6.477812047069875e-08,4.08900177196377e-09
5.890844042315546e-08,9.469791527294546e-09
6.138614401802744e-08,2.8341522620204767e-08
6.337349360525657e-08,1.80650160937527e-08
6.453443322118613e-08,2.951022964339245e-08
6.173420376259416e-08,1.3076438400124365e-08
6.217583718640304e-08,4.152223771806499e-09
6.163738181066414e-08,7.132277214753439e-10
6.165829788709054e-08,3.231829370490639e-10
6.02828798845656e-08,1.300114912143139e-09
5.374016502449249e-08,1.6739902589435473e-09
5.581261893699008e-08,2.1442589909383968e-07
5.68519084663525e-08,2.1142911164802787e-10
5.5949945725553004e-08,2.102853729676705e-08
5.543622956308466e-08,4.363677796087965e-08
5.659195617178462e-08,5.483279208344053e-08
5.8080737816016786e-08,2.4580558764834374e-08
5.350806384643025e-08,7.437086158764335e-10
6.123721344642637e-08,2.2643296015238217e-10
5.031210190629872e-08,4.356031274355132e-10
5.9497340248149124e-08,1.058767913401463e-09
5.379661439987397e-08,3.368656191090243e-09
5.701488966866064e-08,1.58737014118356e-10
5.5607797345040104e-08,4.478891157333465e-09
5.715281132517476e-08,1.7952034705596512e-08
5.563094655846035e-08,1.058691270827694e-08
5.608822981780411e-08,1.517667382818407e-09
5.654803095456185e-08,4.0626132442109033e-07
5.8438613572871686e-08,2.797542272067706e-07
5.5009101413738824e-08,5.005987388813082e-08
5.5023584741150285e-08,2.2583330507567703e-09
4.6678201350495534e-08,3.043969222744636e-08
4.935885943394928e-08,1.227749026213587e-08
5.366507457338354e-08,6.941395212400892e-10
4.852829153253838e-08,2.8266690739187084e-10
5.035023568558857e-08,1.9586395885914006e-10
5.480681007440739e-08,2.811148695454809e-10
4.746890869449979e-08,5.165782495737403e-08
5.227174871356155e-08,5.270776028737601e-07
5.213011137045568e-08,3.644212731875503e-10
4.8333326286413105e-08,5.593342721136688e-10
4.775355969517762e-08,7.840640700275495e-08
5.387702272538301e-08,3.428785294209054e-10
4.3504549414130624e-08,6.842956223588696e-09
4.4401837055296766e-08,1.763848775482302e-10
4.4265613766107194e-08,4.308052144021228e-08
4.5884040907821314e-08,2.7635226981222635e-08
4.695121927317987e-08,1.6315354753733876e-09
4.7244272433725567e-08,5.344546622154667e-10
4.2806255043026373e-08,8.277729810934886e-10
4.645812862881608e-08,1.7838398462307243e-08
4.4353405670612594e-08,2.0896677856985234e-10
4.6778544525027944e-08,3.833443004216027e-10
4.463427365410943e-08,6.7598525470558e-10
4.5458533109328975e-08,4.587791669526572e-10
4.586678820073612e-08,2.2126961254495351e-07
4.539681648379664e-08,9.524965928070136e-08
4.775554117185295e-08,2.5264789083045967e-10
4.2210517832930174e-08,1.3201790882249043e-07
4.595462631988104e-08,2.6221224874352817e-10
4.590669423605679e-08,1.136193443744086e-09
4.5396787239700604e-08,1.0425281996573332e-10
4.6193131489746795e-08,9.73608413327535e-09
4.8191488591901404e-08,2.0806284431055625e-09
4.29365906723785e-08,4.841578755983752e-10
4.49323724455238e-08,1.161340748308722e-09
5.241846725801598e-08,5.340493757681013e-09
3.784849578133409e-08,7.070786065810353e-09
4.693523613289452e-08,5.104897280006071e-10
4.570950039494148e-08,2.492640346574149e-10
4.4944383952646066e-08,9.380376592223645e-10
4.491509387376524e-08,7.640041916445739e-10
4.5605909664943785e-08,5.973096904805668e-07
4.480094334023595e-08,1.9073352836092757e-08
4.5710756514468396e-08,7.190460634613298e-10
4.66504424360914e-08,3.3661065533448683e-10
4.537369335492943e-08,7.545601539504787e-09
4.4358660315905555e-08,4.811519170289103e-09
4.559553628598427e-08,1.0920931946619324e-08
3.891254790470144e-08,5.812641831918578e-09
4.008719221209785e-08,8.381771589090666e-10
4.064576248431854e-08,2.838502642769451e-09
4.2529746346583094e-08,3.283695057939203e-10
4.24700596141118e-08,5.786596637828249e-08
3.9042793946827045e-08,1.788636138636927e-08
4.199895545903646e-08,5.490454826902654e-09
4.1217095878668766e-08,6.802880275245116e-08
3.923553239469542e-08,2.0826573628103992e-08
4.2813420839589906e-08,2.5447758031186633e-10
4.040819574118541e-08,3.80611948453217e-09
3.580760707065922e-08,1.1190604847518177e-09
3.4895880721197427e-08,3.9881174551131455e-07
3.8473151057764426e-08,1.5759770711554211e-09
3.7141920171860725e-08,1.4682617530562918e-08
3.698073405247933e-08,3.269728925836546e-10
3.683211279400892e-08,6.024025111036243e-10
3.6574185017224094e-08,1.0322438051938813e-08
3.631014703985302e-08,1.2097622839254049e-08
3.754906975490524e-08,1.1348079143639703e-09
3.686472116832077e-08,1.3217903192715614e-08
3.946076168720447e-08,5.606988106402847e-10
3.363229674362422e-08,1.2388404081775662e-07
3.8831496788249706e-08,7.593995307691633e-08
3.574035565337604e-08,1.4713985403425055e-10
3.6727803150360395e-08,4.256764745254789e-09
3.805465089105064e-08,1.623846487556572e-08
3.726312433183221e-08,2.1333506331302488e-07
3.524402735461211e-08,4.7655466919612385e-09
3.788670329240388e-08,7.41565537415075e-09
3.8101857436142105e-08,1.767479878604187e-10
3.6440590165498495e-08,1.4991456502855272e-10
3.606115197529736e-08,1.8229783116415396e-08
3.7080925051965106e-08,1.201083861553561e-10
3.0067045974330185e-08,8.099399716243738e-10
3.430800904278645e-08,3.19661958561331e-08
3.278695106844938e-08,2.5855856788818226e-08
3.452079368883032e-08,1.4346821649269258e-07
3.280297837446507e-08,1.5230152917341162e-10
3.3649607865082754e-08,3.987128378568627e-10
3.301019749027227e-08,1.3450168539227055e-09
3.455512450429114e-08,4.794481367866865e-08
3.313025652205518e-08,4.884727549854991e-09
3.298451194348647e-08,7.926692624238285e-09
3.34685698192357e-08,4.716170526345801e-09
3.207275460165674e-08,1.0846559626524292e-08
2.9096061053179856e-08,5.645262247888639e-10
2.931606590650393e-08,1.309075463614325e-09
3.1788947192479265e-08,2.3218914330603486e-07
2.9153075656962457e-08,1.61396800355836e-08
2.9562297882993843e-08,7.82991498571306e-10
3.0822392081560533e-08,2.471520785511198e-10
2.942252157477343e-08,2.4267528038042957e-08
2.976547957243743e-08,6.81737220128061e-10
3.002066169902988e-08,1.2888928164755953e-10
2.9889047935394156e-08,5.500238762389624e-08
3.147849101591271e-08,2.5906245664231164e-10
2.980604671658134e-08,1.2287444299818873e-10
2.4184338021822813e-08,6.873627104179529e-09
2.8262119094409528e-08,3.9259140674670807e-10
2.6530828916430475e-08,1.9032610213779815e-09
2.7338246880215243e-08,3.0042510016888478e-09
2.7584515681133848e-08,5.998290679372076e-08
2.8834900664400274e-08,3.0759604939589734e-09
2.5696349617565507e-08,1.6498802403545434e-10
2.5531818266066874e-08,3.2869376137038366e-08
2.8147400672950963e-08,2.0962018234058633e-07
2.678499101211503e-08,6.397740449711383e-10
2.6925126419704202e-08,6.330221518358789e-08
2.8969955452799272e-08,2.635111916485281e-07
2.128425783838872e-08,5.546766274733273e-09
2.4246743333607618e-08,6.725095178505096e-08
2.4442913941728297e-08,1.6705652852166964e-09
2.551454086440197e-08,1.9971998575692614e-10
2.494657898310937e-08,6.967871099661238e-10
2.4403444561053405e-08,1.6482674537835842e-10
2.4063083311561447e-08,1.166165596562981e-08
2.3906169316399255e-08,8.044915278837549e-10
2.4132020708456104e-08,4.671496842926596e-08
2.6101597272121247e-08,1.6715216161931797e-07
2.4958249037365655e-08,2.6902605528296894e-08
2.2757386849127832e-08,1.1541977064766229e-09
2.1007833132269394e-08,5.442823910802493e-09
2.169966809713412e-08,4.5949167868760315e-08
2.1815043230949404e-08,5.766490151207412e-08
2.1450971273094068e-08,1.173226104498326e-08
2.2910252039668825e-08,7.261696918744084e-10
2.130203818014505e-08,5.335302318580185e-09
2.2001227176288162e-08,1.3352830591865464e-08
2.34141775141213e-08,6.54205647876438e-10
2.2122319440842642e-08,1.6716064994426462e-10
2.1817405948765247e-08,4.296068183388495e-09
2.121780747963801e-08,2.559521026720783e-08
2.3274048055318037e-08,1.1724657127369179e-08
1.897686803259598e-08,3.885747446095896e-08
1.9674665707510492e-08,1.950950627360726e-09
1.94718568910975e-08,2.169650082919361e-08
2.0063679108015912e-08,6.0807583598906e-09
1.946733603259513e-08,2.430655421174303e-09
2.0504682464143425e-08,6.966670370071408e-10
1.9754459552103384e-08,1.973619512440905e-09
2.065057340148539e-08,5.8599564872944633e-08
1.9295498674098967e-08,2.2582966225185668e-10
1.9736800720713636e-08,2.5786316843282954e-10
2.0477679330046146e-08,1.6132003746912223e-10
1.9205704045693882e-08,3.5629697935727714e-10
1.6935103782165598e-08,2.976074941329898e-08
1.8142511542762475e-08,1.923534876150749e-09
1.7627213336048514e-08,8.056678664066415e-09
1.856222636110738e-08,1.332179106139364e-10
1.814830466017233e-08,1.1008945791957103e-08
1.766054488431627e-08,1.239711788218282e-09
1.8648701204730204e-08,7.350285093761973e-10
1.9071301805116217e-08,7.281844858949189e-10
1.659903598982826e-08,1.7958404157821426e-10
1.7249367072271388e-08,5.559053994375063e-09
1.8180216884366994e-08,1.974774748703112e-09
1.8256129061157886e-08,1.8335131727553743e-08
1.7280863667597697e-08,1.652051083074942e-08
1.8291844699591665e-08,5.378288205903914e-10
1.8886225887593256e-08,1.4623008242627595e-08
1.8549550685414974e-08,1.1504674761890025e-09
1.638168224504984e-08,6.905337365914477e-10
1.8655186261551383e-08,6.923376628442668e-10
1.749959006920876e-08,6.660039975751412e-09
1.7934320808782322e-08,4.456782169863042e-09
1.882894758783264e-08,1.871451621375068e-10
1.784708366899257e-08,1.2444815081854206e-09
1.7343936730329634e-08,1.4520922573998026e-10
1.8005206801037974e-08,1.9918430806076987e-07
1.7676036675821444e-08,4.412370732490937e-10
1.8471892993917235e-08,5.7856768368462024e-08
1.742062807525239e-08,4.990213312794367e-10
1.9086329678056715e-08,1.016648231579135e-08
1.4658442918532208e-08,9.57337895404938e-09
1.6063881945623432e-08,7.558995442173237e-11
1.6123024556395173e-08,2.4906736849258e-10
1.631391859023279e-08,3.5933535619629234e-10
1.6512315985987382e-08,9.982296344709003e-11
1.6295741052857472e-08,9.677891722829438e-11
1.5747022862253973e-08,1.8107713657400382e-10
1.5710718482166617e-08,8.384988845004197e-09
1.6553182024418393e-08,9.831058645678089e-11
1.603342996772672e-08,2.9524240548065944e-09
1.595611122792347e-08,2.083277476897886e-10
1.6067617174893764e-08,1.6008242421132005e-09
1.486159022687413e-08,5.263310068670535e-10
1.3522792547182582e-08,1.9765826520294164e-08
1.4971888437692593e-08,3.3296746580665135e-10
1.4553826597964633e-08,2.8166527320886794e-10
1.433138448976486e-08,1.8926251927453564e-09
1.5267594468182378e-08,1.9067921899207362e-10
1.3953464402960413e-08,1.5794703196547743e-08
1.4624778560466215e-08,4.661008031424293e-08
1.490942467536153e-08,4.996695357325128e-09
1.41490967089708e-08,1.5296141218090752e-10
1.4640915119050006e-08,1.948698001304668e-08
1.4712517718470004e-08,2.2157030427442473e-10
1.4504910889717726e-08,3.177309852701408e-10
1.2711405687149125e-08,5.2037951121519655e-09
1.2824888167036383e-08,7.75999919634766e-09
1.2952327286266015e-08,2.8363831260473187e-08
1.3803187246754409e-08,1.0291063939860123e-08
1.2796976740298006e-08,1.0633656945202573e-09
1.3217634964281707e-08,2.8923061933028293e-09
1.313276027681276e-08,9.619553008673638e-10
1.3700163940681224e-08,1.3758649794605541e-07
1.2340552503560993e-08,3.9360781011055226e-08
1.4038053557352548e-08,3.9463359289963286e-08
1.3487019661480766e-08,1.3379068050293578e-08
1.3123571170708947e-08,3.0287757568932723e-09
1.27607318449278e-08,7.8683236054052e-10
1.263173738668133e-08,3.871949963164904e-08
1.3645777353891534e-08,2.693106739245129e-10
1.2877139312448641e-08,5.771413387497167e-10
1.3300630862805863e-08,2.6821031858996016e-08
1.369498308408564e-08,2.968020053284448e-10
1.2940925362621888e-08,4.143982660025358e-08
1.2451614145523685e-08,1.9349314013261675e-10
1.1428910232321362e-08,3.45210355368053e-10
1.3266034567135006e-08,8.859092271995551e-11
1.0227218998006457e-08,1.3948156692607701e-10
1.2297815873960986e-08,4.7393281496018364e-08
1.1509504213480515e-08,1.077713449149087e-08
1.2039970021336203e-08,1.5369310725432683e-09
1.2111567349985345e-08,1.7072549545193993e-10
1.1783942263264106e-08,1.3051068700568416e-10
1.1657642573675853e-08,2.117122568516076e-09
1.1912360700636986e-08,1.493687852966256e-08
1.23850210638284e-08,1.1894402170975482e-10
1.199192529985349e-08,8.633833712042479e-11
1.2175936976891825e-08,1.6176117053993505e-10
1.1134744602747659e-08,1.895201362174248e-08
1.032179841966759e-08,1.421212690866369e-10
1.0718702258649682e-08,5.636137159588846e-09
1.1327676303218848e-08,3.556386856473637e-09
1.005177899571219e-08,5.0750900814004276e-09
1.0949656953527602e-08,8.75312644625185e-11
1.0730411168091703e-08,2.491108989133295e-09
1.0862693880207367e-08,6.802174449445826e-11
1.0293735180368542e-08,1.5871555269768578e-07
1.0659129614163747e-08,5.733071879084524e-11
1.079041827523238e-08,1.6152491268665396e-09
1.077757858214401e-08,4.0373457929436065e-10
1.0646714191109297e-08,4.813697880153475e-10
1.072110593428599e-08,7.092286025454087e-08
1.0441560171157531e-08,4.0915033003111983e-10
1.0881265622806705e-08,4.175453187826861e-09
9.489616780581726e-09,1.4627978249848183e-08
9.387112860931301e-09,1.114546624828942e-09
1.0086928700681064e-08,1.6027716747875804e-10
1.0108095349831148e-08,1.0820731952539594e-09
8.685245226517738e-09,2.88210076308341e-10
9.614909966101e-09,3.810127735353793e-08
1.0004602555907516e-08,1.10091457041032e-08
9.984668954310383e-09,1.320204822358543e-08
9.278606533476749e-09,3.869018084283008e-09
9.467145319606389e-09,8.896398875890554e-09
9.786349336219727e-09,1.5157177418364162e-10
9.918478259849743e-09,4.5016611357103404e-10
9.6562532431325e-09,3.799468767695658e-09
9.497443494034992e-09,1.1070591273210084e-08
9.795888882174752e-09,7.435292435816384e-11
9.559662143106737e-09,2.1725866293564877e-09
8.332864139987129e-09,3.310385200331704e-09
8.422974258837091e-09,2.190506006508978e-09
9.317017996366787e-09,1.5107869031657136e-09
8.464268123294557e-09,1.427594076079212e-09
8.612135869517923e-09,4.902775390262329e-10
9.065432022087316e-09,4.1088359857610614e-09
8.621827460580934e-09,4.095537875355622e-10
8.588827424971246e-09,2.131943133842166e-08
9.228955950006205e-09,2.0689274193112322e-10
8.490858419705576e-09,5.794732680364234e-11
8.442058851596915e-09,6.012569931712619e-10
8.904631335850584e-09,1.5196435925209548e-08
7.265176769175967e-09,5.724753624036793e-09
8.289935712887017e-09,8.165195323946625e-11
7.418321973549451e-09,3.3565640202700327e-09
8.053636768031354e-09,1.0377943324701988e-10
7.922797021690334e-09,1.2037625699197935e-10
7.701533066397278e-09,2.114299902045147e-10
8.270116064410896e-09,4.211779784100145e-08
7.484719734124346e-09,1.4944917730493518e-08
8.264370004367379e-09,8.896262719086205e-10
7.317845343246532e-09,1.572325575504389e-08
8.229493446511768e-09,1.1053599139406363e-09
7.872600656096592e-09,8.591651381451015e-11
6.426666097297807e-09,5.879169057720901e-09
7.087030349256507e-09,1.3136008505535794e-09
7.156004238458487e-09,1.2913470955785063e-08
7.334237309382837e-09,1.3688063299858536e-10
6.820352960884568e-09,9.957570311414088e-10
7.0114694152356716e-09,1.8818949342858104e-09
7.248917970527809e-09,2.6315491676124717e-09
7.210379361081524e-09,6.0046552832204725e-09
7.363984805258683e-09,1.2669456420274135e-10
6.734135255465068e-09,1.6490529742470745e-10
7.322427620592986e-09,1.6866088079492414e-10
6.949209125121462e-09,6.262095994221302e-09
6.123870976833719e-09,9.542337595765578e-09
6.531029568731158e-09,6.458163298583841e-11
6.486970837722243e-09,2.5171351167122917e-10
6.445765676236596e-09,8.161193054453026e-09
6.3262058899245705e-09,1.5775242684886355e-09
6.270239897991173e-09,1.9239780826296737e-09
6.433858582612546e-09,4.0025506320281084e-09
6.554689848205693e-09,2.657956404542953e-09
6.392406929075131e-09,3.8185417833661955e-10
6.370403326808975e-09,1.7049490533456908e-10
6.303544742367976e-09,2.8340463138931682e-09
6.230975646738986e-09,3.411913688911028e-10
5.5171563202005555e-09,1.4648915197904936e-09
5.8444956093547014e-09,2.782966233165022e-09
5.8902880715102265e-09,2.2776771396356328e-10
5.692202335437028e-09,5.625806682433658e-10
5.639641297661146e-09,9.623537662169686e-10
5.9103769291450156e-09,3.0448266400640023e-09
5.970820342673933e-09,1.099599413715661e-09
6.0373464216538035e-09,6.133115357798146e-11
5.2445813849703406e-09,7.322064827045931e-11
5.802821651877214e-09,1.0053913647537863e-10
5.809747645616851e-09,1.0547443576314208e-10
6.031439160290401e-09,2.283309158102043e-09
5.766372618291419e-09,7.433362063287892e-11
5.62325333081648e-09,1.980891231845305e-09
6.012986040508187e-09,8.264282869892744e-11
5.537303400020751e-09,5.0437341824268366e-09
5.896007451827723e-09,3.2378110249216738e-09
5.7456978300710984e-09,2.041207603653561e-09
5.717437149027616e-09,1.118141719776607e-09
5.925701080472523e-09,1.4460728312333988e-08
4.932036493343616e-09,8.102368370828117e-08
5.139069056081525e-09,2.7346392474925097e-10
5.1033229404344e-09,9.387071899406388e-09
5.201798134113478e-09,1.2665686604880951e-08
5.432786422164086e-09,6.296497037835043e-11
4.909773834131196e-09,1.7667116705884685e-09
5.450326538519734e-09,2.0842436210699588e-09
5.319981905092345e-09,1.0180126340723442e-09
5.147122895046708e-09,1.9550751569378615e-09
5.416643809234382e-09,6.073929725292082e-11
5.023965926999792e-09,1.8222282057796709e-09
5.34524157900044e-09,2.9068971260433803e-08
5.1209620676543705e-09,4.984646819750083e-10
5.3440420621904865e-09,9.728475617383954e-10
5.077540489186368e-09,2.024773452665348e-09
5.152188130042034e-09,5.1981180332338895e-11
5.049206577492638e-09,5.834450321155297e-09
4.644727289511893e-09,4.7092381016966554e-11
4.622771042770794e-09,1.5298436838406816e-08
4.8613578258906626e-09,4.771866194778577e-11
4.583270567000882e-09,3.552708466495839e-09
4.933553062365833e-09,4.497633764325807e-09
4.684370025795359e-09,3.5884549718664023e-09
4.659700664250144e-09,4.212455798343247e-09
4.59331876338324e-09,5.032026039926881e-11
4.761844136861685e-09,2.792191642579193e-09
4.682937060448052e-09,2.01293271970826e-09
4.7160937394060315e-09,7.701366601035412e-10
4.709652621297707e-09,2.020675590396574e-08
4.63292983317228e-09,3.995140674876533e-10
4.742419507772211e-09,2.6887160926728864e-09
4.7996958875251575e-09,1.4489657534018836e-08
4.07421787288013e-09,1.0104774612311e-09
4.063711820142165e-09,2.6386958991035195e-08
4.398449176568064e-09,9.901569303731131e-11
4.334788659401956e-09,5.434894561802868e-11
3.936633250759917e-09,6.63908473175212e-10
4.331030852364193e-09,6.105879515475957e-10
4.3732463216705766e-09,6.313804164307749e-11
4.195920034527622e-09,1.6764373048279898e-10
4.4335901673076e-09,5.31186251336487e-11
4.307551813215182e-09,1.9311968243821791e-10
4.125295169233693e-09,1.6771707690092322e-08
4.211904690891906e-09,4.373861714270788e-08
4.326564260529834e-09,1.2142459301737556e-10
4.1325036303691e-09,5.386090179785678e-10
4.370886381120191e-09,1.7135330482679714e-10
4.1841227111279655e-09,4.708139123863475e-08
3.807983716645295e-09,1.0368821035626751e-07
3.6363211748297043e-09,8.6880965695831e-10
3.801525591614248e-09,2.7635336574386808e-09
4.145356243252333e-09,1.5741094889776263e-09
3.498666095701671e-09,1.2599002009968292e-09
4.134913100115045e-09,2.8587714983411655e-10
3.825095369145807e-09,1.5723923469194527e-10
3.6898965467926e-09,2.301865983393251e-09
3.823744987183075e-09,8.011179879104565e-11
3.897523788912172e-09,9.389550683266042e-11
3.7010242757817835e-09,6.165316538186971e-10
3.965989082553115e-09,7.044474744644092e-11
3.718614880177107e-09,1.2954878036453011e-08
3.846625609342051e-09,2.2761616222055637e-09
3.8172944741732275e-09,1.8111072586091126e-10
3.7738830771100186e-09,1.1037713042820011e-10
3.3615488057747723e-09,4.280017418996825e-11
3.3273087773094678e-09,1.688883451163766e-10
3.489367816327434e-09,1.0328033027325508e-10
3.470992739817991e-09,1.6215651709690822e-09
3.616326208751482e-09,2.763248281301145e-10
3.5037116269925894e-09,1.6829975632977796e-09
3.3307502177161904e-09,5.682218091422146e-11
3.5016224425958126e-09,1.7697685637566943e-09
3.361493808257121e-09,8.656464816188721e-09
3.673390507635821e-09,1.1312907931178748e-10
3.3683073761688516e-09,3.744849450034356e-09
3.411571787823956e-09,3.516320924982589e-09
3.5856709047867494e-09,3.9318417220194726e-11
2.814859454774073e-09,6.281710585417007e-09
3.2323002633653322e-09,1.192536163300654e-10
3.1166095023839787e-09,4.926055714301232e-10
3.046888744894412e-09,3.187739716281612e-08
3.1455299178889673e-09,5.8038848268123404e-11
2.9961828904514116e-09,2.3450022251836344e-08
3.4096420593969038e-09,3.3790990874157007e-09
2.964266118361351e-09,2.6576005304571974e-10
3.1395220143966746e-09,4.164035705282269e-10
3.075573783614671e-09,1.8906290086088498e-09
3.0719845149888384e-09,6.873266761964203e-10
3.1588889184854437e-09,1.5420659384683214e-09
2.715903420233423e-09,1.5195471857983496e-09
2.796301934023434e-09,1.2249531745685734e-09
2.8792483797649796e-09,4.151116569373059e-11
2.7269156370875644e-09,4.700648210587132e-09
2.823604427877139e-09,4.1142594216688386e-11
2.9744447778812245e-09,5.4983577542818314e-11
2.710423778308953e-09,6.227396565824013e-10
2.818196574057759e-09,5.396859629295629e-09
2.7186344399549034e-09,1.2379136148155112e-09
2.922500203252539e-09,9.802250968841501e-10
3.000713220962144e-09,1.769502782596651e-10
2.6573420659712724e-09,9.011512139049198e-09
2.874392515042623e-09,7.816107992830723e-10
2.8133415512425024e-09,8.548211752149962e-11
2.7356762815705647e-09,4.77875104050914e-10
2.8112731530601416e-09,4.781376160186331e-11
2.8260840653798745e-09,2.9085667179629125e-09
2.7842799033080584e-09,3.6658490654891314e-10
2.8516959703656085e-09,1.8423249222484135e-10
2.8860048680560504e-09,7.176639152580341e-11
2.8181280267306854e-09,1.897432529437045e-09
2.7775363452534987e-09,1.3417466764309438e-10
2.859619668326337e-09,6.877702761753924e-11
2.3128651415386485e-09,9.272234908763721e-11
2.466434553100953e-09,1.1848758410337723e-08
2.6506575514007035e-09,1.0248517133959468e-08
2.521627629551807e-09,5.086642831941823e-11
2.5262132688441685e-09,1.670321219782167e-10
2.5478112274148385e-09,1.1983690694587305e-09
2.522648562825839e-09,3.603033384180776e-09
2.7519494954284888e-09,6.779902650411174e-11
2.386389163609263e-09,3.2937703508354827e-10
2.543425446202563e-09,1.5516786171095494e-08
2.5199141909376664e-09,3.391903181844865e-11
2.5714273949012377e-09,1.6396233442369142e-09
2.1082201093286514e-09,5.579870561452556e-10
2.3201158930637642e-09,2.241159286671864e-10
2.3617672087824133e-09,2.594616192415818e-10
2.2566491985083942e-09,1.602856278222949e-10
2.2964851690778404e-09,8.489205790477664e-10
2.2669040374206915e-09,4.776735597526264e-08
2.391592011297128e-09,7.017134497355749e-11
2.299004768204401e-09,1.1732282655903722e-09
2.313336911703249e-09,2.009213732776516e-08
2.3576525775032e-09,3.40675631186708e-11
2.216811201715315e-09,1.979086894291863e-10
2.2488905093589103e-09,6.610498560692217e-10
1.9301892690106368e-09,2.529489577944114e-10
2.1599905925049714e-09,4.1334011546823033e-10
2.0351571857489074e-09,1.4070015223281254e-10
2.1499113029630847e-09,8.769565462696249e-11
1.9261704789774735e-09,4.299598661342922e-09
2.1217599757576237e-09,1.3236982373617442e-08
2.0927755151056714e-09,2.1786549567082148e-09
2.0146097602785627e-09,3.0802760808986324e-09
2.179081336023403e-09,2.0913947080221837e-09
2.0495794901080148e-09,5.48194878232285e-10
2.0938675957963653e-09,1.6582143095670669e-09
2.097913852396512e-09,1.3456455442077224e-09
2.0599498584554047e-09,3.8001054060525047e-10
2.0908252172620786e-09,5.512144642949579e-11
2.1640744132208254e-09,1.1161071390800952e-10
1.9256360130457764e-09,1.3393785892231354e-10
2.058030854250788e-09,8.320427018778294e-10
2.040029955015695e-09,2.3332652065259175e-10
2.1846981129438243e-09,6.908925096619593e-10
2.218393160280385e-09,3.357433451811609e-11
1.848610444093087e-09,1.2631627123956453e-08
2.2011556883166915e-09,3.1404376697278614e-11
1.963713405778167e-09,2.7393038967519583e-10
2.1680258979611677e-09,1.4449653956323988e-10
2.002104913357653e-09,5.435172601431226e-11
2.0851966254240942e-09,6.09631891776985e-09
2.1359564226432667e-09,4.477902643351683e-10
2.053819112298368e-09,2.641031285370114e-10
2.0064360745577123e-09,4.272778654150026e-10
2.024630041780329e-09,3.045145503755009e-10
2.152450133512581e-09,1.341445487505292e-10
2.0251799380671676e-09,5.03853955654184e-10
1.8423210825393073e-09,5.589521007465237e-09
1.7949473399151797e-09,8.553093670723063e-11
1.8872216830871183e-09,8.146746625155762e-10
1.886984424439205e-09,6.064660657001397e-11
1.8733888255064355e-09,5.601809982917298e-11
1.8372738266880796e-09,2.578402860820006e-09
1.8780437147517908e-09,1.4098643977433767e-08
1.886616964915285e-09,2.47140695831168e-09
1.927184539243787e-09,4.1433181068306626e-10
1.8252875154556314e-09,4.5089029317620564e-11
1.895046877014213e-09,5.23765298169702e-11
1.9204983879435775e-09,9.269554630912206e-11
1.7801450572516955e-09,1.0385550237875425e-09
1.95016206459749e-09,4.902861014658792e-10
1.8689537314375838e-09,3.426966695233939e-11
1.868720342339721e-09,5.962808824951556e-09
1.841771596793514e-09,7.337452722818346e-11
1.866572323230842e-09,9.039302559428938e-11
1.8599343804825973e-09,3.5079118404723884e-09
1.8312795634865357e-09,9.146585285465154e-11
1.9480316881629694e-09,4.306981548888681e-10
1.844339006520923e-09,1.7543989745997616e-09
1.8482069198244577e-09,9.270075824741042e-11
1.8583236732723958e-09,4.666876987850325e-09
1.6456137130323641e-09,3.2993824023996863e-10
1.7116735853028863e-09,7.861469806987505e-10
1.638200179835773e-09,7.42318768047016e-11
1.676760612402221e-09,2.5889254355130713e-09
1.648192126138537e-09,1.1851280509844742e-09
1.7240966576080134e-09,5.607112350166273e-11
1.7508469810393704e-09,1.926327540813233e-10
1.7116533299823175e-09,6.000669973656633e-10
1.6214482347343128e-09,1.1949188357599874e-09
1.6985378137610955e-09,2.7671973149937893e-11
1.6939216789848185e-09,2.2524784396201387e-10
1.6946258056094177e-09,9.402603115364154e-10
1.636298269672154e-09,2.1927385850754414e-10
1.80010340354216e-09,6.074198911913224e-09
1.6546942846029644e-09,9.465198026248344e-10
1.6316097678242825e-09,7.701187717164734e-11
1.690899188423282e-09,6.043855932946762e-11
1.7265657528140836e-09,2.377888417252431e-09
1.6257560462242435e-09,1.1897704910168726e-10
1.7570720282393074e-09,8.558928012991629e-11
1.4817287793122969e-09,6.730545624907454e-11
1.4674871601190927e-09,2.1290463769751966e-10
1.514133894370273e-09,3.344013054314606e-10
1.555573284580299e-09,2.9284438844238515e-10
1.59483366321637e-09,7.161684044317459e-10
1.453807579419412e-09,8.723405946116832e-11
1.465895290744812e-09,3.481489280569387e-10
1.555713194157741e-09,1.3413460898300164e-10
1.4955393611506182e-09,1.1397570376751413e-10
1.544589885889754e-09,4.537806894873893e-11
1.4935762425301775e-09,4.6106144694727884e-10
1.5818340954237841e-09,4.393242965416988e-10
1.545231046017522e-09,4.1646133778587096e-11
1.5642253592823562e-09,1.0313835742200203e-09
1.5070876672490518e-09,5.734677531066268e-10
1.5178483498060983e-09,1.2575026106631527e-09
1.5021022828844618e-09,3.1952099395956186e-11
1.2906021293575727e-09,1.2241648089883484e-09
1.3920470305989197e-09,4.6194237614723596e-11
1.3779033317821525e-09,3.738217606041871e-09
1.3442521050538447e-09,2.2266901556378115e-09
1.4222004234241507e-09,1.6296416026998866e-09
1.3284129747539083e-09,1.8820258082049198e-09
1.3993183115272126e-09,2.250626917449002e-08
1.4331370023536646e-09,3.646387160549658e-11
1.3778831835722e-09,2.969353883330861e-11
1.331559568259107e-09,3.2148468855316046e-09
1.4142346442443572e-09,6.726803463141806e-11
1.3093367780186992e-09,2.0564895840162005e-09
1.1973596922990974e-09,1.4477503678111957e-10
1.2965777540322836e-09,3.060311737542361e-11
1.2505029752233703e-09,8.973733609233628e-10
1.2220164551398257e-09,8.367861586237406e-11
1.1856105524750877e-09,4.85762864155248e-10
1.3882297970918555e-09,1.1327134956662377e-10
1.1424509715131833e-09,1.4037997947043597e-10
1.2034564187736926e-09,4.773537827240659e-10
1.263309368773613e-09,9.197215689778678e-11
1.3611284450265604e-09,3.5421110412177844e-09
1.2099184674790876e-09,4.9061151978927836e-09
1.1631910335596628e-09,5.686294847762063e-11
1.2387630667844615e-09,2.8496357895591017e-09
1.2610593716165056e-09,6.872913304552716e-10
1.2369540415529956e-09,5.997574927067244e-11
1.3131231562315179e-09,3.7247536334901926e-11
1.1834624300701332e-09,5.2021020513493e-10
1.2833837368978844e-09,1.2117775245457096e-10
1.0816607273274788e-09,3.725140421499221e-11
1.0647536839556808e-09,6.690651956168618e-11
1.1139560679163108e-09,1.8532957750968156e-09
1.1131413011585452e-09,8.36703585194165e-11
1.1314252161091313e-09,1.0407495435534504e-09
1.1303494486025745e-09,3.5769087966504763e-09
1.1355169952422435e-09,1.3824799450408894e-10
1.0852946311016669e-09,8.258266708101777e-09
1.1548813632892656e-09,9.573595413906824e-10
1.127484320374387e-09,5.239815568473342e-11
1.1237678862333992e-09,2.5625518989732164e-10
1.1224978222183305e-09,1.5549384899079163e-09
1.1398905256911525e-09,4.207850776150046e-11
9.592390959369443e-10,7.485056099672723e-10
9.800851631464046e-10,1.1952729539170074e-09
1.072607221536126e-09,2.601968461727703e-10
9.724685037552453e-10,5.169599537520793e-11
1.0491762524998208e-09,3.295198718333836e-10
1.0425428752541821e-09,3.962919978839352e-11
9.69843100651994e-10,1.0036174121097475e-09
1.0580063088618438e-09,8.612839686265398e-11
1.0138762061980462e-09,3.951476516365441e-11
9.638678924006605e-10,1.2574491009331724e-09
1.0559796142487847e-09,5.524252554104751e-11
9.582453868709854e-10,3.984675295735466e-09
1.0303331711434642e-09,3.026558291485681e-11
1.0187352064890595e-09,1.208717913832776e-10
9.938415926789384e-10,8.647735895520962e-11
1.0322546757220626e-09,6.432038991421863e-11
1.0294152505918586e-09,1.1257930201402644e-10
1.011006067549077e-09,6.283378508461131e-09
1.0136269813859621e-09,7.512286863094649e-10
1.0678051215027666e-09,3.8834757441300976e-11
9.454864643256473e-10,8.785049941728574e-10
1.0752724775029792e-09,1.864142003427105e-10
1.0054411341766285e-09,1.0059480089659919e-10
9.784816689728525e-10,1.9616479110714143e-10
1.0061937059963056e-09,3.6319262275430475e-11
1.0023501588111531e-09,2.460151507103584e-10
1.0211470864052164e-09,9.893705755400125e-11
1.0091895903988993e-09,1.4163718368524296e-10
1.0530498582396926e-09,1.652991272453145e-10
9.829255388088541e-10,1.5794391720428772e-10
1.010868550740951e-09,1.8461695447650565e-09
1.0609218685360873e-09,3.849841472465994e-11
8.773628087701176e-10,1.1145531587282894e-10
9.004913561437104e-10,2.5077298357323306e-11
9.226441439746935e-10,2.0720404877512997e-09
9.090158253936368e-10,1.4378292019223693e-10
9.023217205435715e-10,3.750943388425298e-09
9.163388809676117e-10,8.954522299949493e-11
9.002637608020632e-10,1.6608858581790287e-09
9.242277113898542e-10,2.2894942983242572e-09
9.129804137123868e-10,1.1536570971119412e-10
9.147385809094022e-10,3.3015593031704426e-11
9.882366598286858e-10,3.2109036868233075e-11
8.686786990175222e-10,3.353082315508497e-09
8.99032162446356e-10,9.56988766542821e-10
9.466456007560057e-10,4.374941647711239e-09
8.906257593560562e-10,5.963381369822329e-11
9.486900669014586e-10,4.34497958075782e-11
9.124092923085136e-10,3.039561099205112e-11
8.734654981643978e-10,8.303609100461055e-10
9.288575959776058e-10,1.747527807941888e-10
9.568856857590975e-10,2.930079156526766e-11
8.899469283368821e-10,9.790952841074822e-11
9.697125798874274e-10,1.1125266845546377e-10
8.645799557449596e-10,4.6256620721922083e-10
9.092332285492999e-10,9.554660590538334e-09
9.64879671381628e-10,3.6277877198583517e-11
8.698959550718088e-10,4.452213579290524e-11
9.481967339741715e-10,6.164448764482225e-10
9.661837082305021e-10,4.2158057289576335e-11
8.987625301900189e-10,1.8309169286615892e-10
8.815601796200815e-10,3.8319181996001224e-11
8.980308998855305e-10,2.576826203082305e-10
9.246399084755774e-10,7.787385243910686e-10
9.155669660976251e-10,7.124333094947014e-11
9.064817871051734e-10,4.0776279969234605e-11
8.26720757683234e-10,2.705774979812799e-11
8.126511986034091e-10,1.1943734252876462e-09
8.182736800282919e-10,1.7750004032516624e-09
8.523287228168197e-10,4.317131923503581e-10
7.889794588193203e-10,1.6913041150701246e-09
8.062184884897554e-10,1.0704366457522003e-09
8.581474031090404e-10,5.847118629276338e-10
8.167152285030547e-10,4.350660223195746e-11
9.210370538711062e-10,2.943154719196409e-11
7.653009424596347e-10,5.262288716630555e-11
8.053191487287596e-10,9.535339601981127e-11
8.058669790561579e-10,5.260453627068766e-10
8.280291839801723e-10,2.1486623404213626e-10
8.703971790785525e-10,7.873010401393543e-11
7.943120382778816e-10,2.552652295051416e-09
8.624362203946134e-10,1.7852657966758537e-10
8.140734828511927e-10,3.856749111741386e-11
7.917481073917616e-10,1.6972313260736153e-10
8.556023813804936e-10,3.23891238641257e-09
8.153597438729602e-10,4.033667959883284e-09
8.320843888418953e-10,5.863073829770471e-11
6.742765916547174e-10,2.3656773531962236e-10
7.895565423872893e-10,2.46907094722341e-09
7.369802985546236e-10,8.391769469244063e-10
7.677545472734027e-10,5.317240545088531e-11
7.29824505832366e-10,6.930698573863007e-10
7.555538783843296e-10,2.343618178043035e-10
7.697189796207482e-10,4.873091507540117e-11
7.24648563408629e-10,3.8356826167114854e-11
7.286186280911858e-10,1.1001184021900794e-10
7.390405728752158e-10,8.058544834987913e-10
7.733471372608121e-10,2.5667874909799752e-11
7.474043688920906e-10,7.396365867181251e-11
6.6304575742591e-10,2.5387675613626943e-11
6.585188461953144e-10,6.28802159489498e-11
6.72244879062108e-10,1.9665022163254755e-10
6.812185209426058e-10,4.1916631590884395e-10
6.753250102057665e-10,5.002377378438006e-11
6.743693802759483e-10,1.7312939461315105e-09
6.712706092759646e-10,3.1603150748201377e-10
6.70854353454949e-10,1.8439134404542775e-10
6.82209456615938e-10,2.5843901614308605e-10
6.706247382452327e-10,2.246716831303767e-09
6.63470609946204e-10,4.558188287025663e-09
6.70665901627195e-10,6.4226671468622e-10
7.032483529808194e-10,1.5986252913287776e-10
5.720331129864993e-10,3.094170571242098e-11
6.214285556758551e-10,2.9463834220570345e-11
5.884104503482239e-10,3.360972233116636e-11
6.291931860330501e-10,3.9902911008748985e-11
6.332588346027087e-10,2.091734660917647e-09
5.624865897428203e-10,1.4054615726788455e-10
6.071501791262331e-10,1.9260476415983163e-10
6.408143385039366e-10,2.822147138296464e-11
5.869724289434922e-10,7.424709294046039e-11
6.437514480743071e-10,4.378767119080547e-11
5.803953312640461e-10,3.388615477106782e-10
6.256005882980069e-10,2.942019635317668e-10
6.041856475208496e-10,3.71179818200081e-10
6.114213299018845e-10,1.1284431025900451e-10
6.402883409787711e-10,3.3372131576688467e-11
5.716399536124609e-10,3.4412716239569837e-10
6.064360152010136e-10,7.175928296317599e-10
5.318632357013501e-10,5.458374810474176e-11
5.654790517423126e-10,4.436233867366468e-10
5.285700295482032e-10,3.547305045970006e-09
5.570685394214643e-10,8.134678785761314e-11
5.78881771557312e-10,8.606077090966835e-11
5.401917056548541e-10,1.0563710176233106e-10
5.395868126626772e-10,4.0848196150022885e-10
5.725602465210071e-10,2.3113952149304376e-10
5.34092956456141e-10,6.206321290373278e-10
5.829058369729208e-10,8.95217441176932e-11
5.175778899977704e-10,4.4967587591315805e-10
5.666180569246134e-10,4.305693201978045e-10
5.688782644452938e-10,4.8623071822554803e-11
5.202843469452138e-10,1.3405830306586115e-09
5.691499124836167e-10,2.9920952873870497e-09
5.32253210003275e-10,2.9906936610165263e-10
5.780291656691065e-10,1.4092714932208612e-09
5.309370657610723e-10,5.198447547242561e-11
5.392512172639845e-10,1.462004440918226e-10
5.550009513096328e-10,9.573532842403291e-11
5.680432440433961e-10,4.0381736933955045e-11
5.757332394542199e-10,3.7832915069276515e-11
4.3965235005383183e-10,3.283902530200796e-10
4.932301480848703e-10,3.628444863235103e-10
5.188425896779369e-10,6.004514585396711e-10
4.909334994362968e-10,6.480783550181593e-11
5.011024069430844e-10,1.5382522606799399e-10
4.966009134692769e-10,2.3877083382473075e-09
5.038754451190212e-10,4.15863594412554e-11
4.97626809324118e-10,5.903193390407088e-11
5.015462264677343e-10,1.1090549813038328e-09
4.853993417634298e-10,4.616757335318411e-11
5.065103837649984e-10,7.664080410307861e-11
5.003108441874645e-10,1.763313688174506e-10
4.563352265313236e-10,6.1869607067185e-11
4.2938634600790206e-10,7.073752452531797e-10
4.3993502211412773e-10,5.6386849110282946e-11
4.628607089611954e-10,3.82754543097145e-10
4.699142719916116e-10,3.340292147324675e-11
4.3968468577034365e-10,5.045769943349635e-11
4.4944772862320906e-10,5.395630714666311e-10
4.371789739711825e-10,1.514383571728691e-10
4.6158652259320477e-10,4.381883235519505e-11
4.5289130067155405e-10,7.157678816464378e-10
4.514624160280774e-10,5.300081919420071e-10
4.404946236893914e-10,5.814798798020604e-10
4.71564003890849e-10,4.348643323215384e-11
4.0841515806661066e-10,2.5247046134269092e-11
4.0296134218113325e-10,9.273686938371384e-11
3.932970002072193e-10,2.0020186485651219e-10
4.1103229096173254e-10,3.686216679454901e-10
4.2152394535514375e-10,3.284683471438399e-10
3.997815310315585e-10,3.189643441592338e-11
4.0831617837827626e-10,8.813534321028272e-10
4.104752242435154e-10,7.420849351310229e-10
4.415288991426366e-10,2.727655492769839e-11
3.8851443583722465e-10,3.275962749405004e-11
3.990633656886233e-10,1.3511432099821974e-10
4.0978936714462327e-10,4.819965542431544e-11
4.047407501220346e-10,8.79754348925843e-11
4.0223142571034947e-10,1.7815671633503172e-10
4.060228261502467e-10,2.789266137170898e-10
4.0293235865166793e-10,2.4996714310480486e-11
4.2492277356568725e-10,4.874734120622707e-11
4.0242371229977833e-10,1.2844645251123647e-10
3.9649105978885787e-10,5.246355330020454e-10
4.098937874549846e-10,8.435895081741288e-11
4.326733011733586e-10,1.7450851437228466e-10
3.3104611367786493e-10,1.3899168154936821e-10
3.7148020123796885e-10,9.080365766337787e-11
3.7701050805416527e-10,3.5251367393647946e-11
3.872242641917804e-10,1.297778162564119e-10
3.6298443611461805e-10,4.810434574749796e-11
3.52344563819366e-10,5.548597123613182e-11
3.9003855280411724e-10,2.313428771956912e-10
3.5985550396836854e-10,6.951864792344627e-11
3.626074644079898e-10,1.7227948467812836e-10
3.749255495140898e-10,3.4898955765990296e-11
3.6534225023957906e-10,3.323576288072338e-11
3.880887937818267e-10,2.669584124500209e-11
3.0275825359526997e-10,8.527397411528526e-11
3.3875603616256853e-10,1.2847027655027431e-09
3.4039494341229584e-10,1.0655678831739124e-09
3.4537368207946767e-10,1.0119073256357562e-09
3.1883140270139166e-10,8.60288211335103e-11
3.359394527918669e-10,2.2249419689609103e-10
3.4335431350757117e-10,2.1505970935568423e-11
3.2701919119165757e-10,4.432456777540376e-11
3.362330403498352e-10,9.958737353284637e-11
3.346680147356396e-10,6.209162696002579e-10
3.417465808647213e-10,2.6384450685368323e-11
3.2735661916101964e-10,4.2400389732577537e-10
2.843061762393869e-10,2.13193148557167e-10
3.0569016232264344e-10,5.150303586942684e-11
3.055326806814899e-10,4.5649760940236204e-10
2.9725878948940374e-10,7.078044356549166e-11
2.981561054831346e-10,2.6210276659240547e-11
3.1080206799409076e-10,1.3608222786842816e-09
3.1106204749266806e-10,3.14378150978456e-10
2.9794152527166475e-10,1.2906525259648304e-10
3.16638094046325e-10,2.301372988592713e-09
2.837067406692243e-10,1.3257495419249921e-10
3.0630740532102313e-10,3.564421428940238e-11
3.0488761698736304e-10,5.418906473172077e-10
3.0933649140807426e-10,2.088281344329405e-11
2.9730385690263096e-10,3.665792175292874e-10
3.0827952202568583e-10,3.019969361398959e-09
2.9754090744849027e-10,2.0891143212390755e-10
3.0865406794496525e-10,3.125092490896542e-11
3.048274614651329e-10,5.371830074836955e-11
3.1641299084913164e-10,1.9974123661133567e-09
2.8074089707397223e-10,1.036633477835558e-10
3.0540793544235147e-10,7.116232667581102e-11
3.039653244487258e-10,4.426431416219382e-11
3.068921233024639e-10,2.243890020274068e-11
2.9360363502881997e-10,6.482939478950437e-11
3.1233525218897034e-10,2.712581844033224e-10
3.013192353421013e-10,2.6789428629140725e-11
3.045171114985738e-10,2.3071694183585125e-09
3.054185095270149e-10,1.1371974660464208e-10
3.0291685203011805e-10,2.6362153866347584e-11
3.0855355918022836e-10,6.424528567805509e-10
2.947218160599211e-10,4.719819782968611e-11
2.5699688575066736e-10,2.303675098735969e-11
2.8082494104066564e-10,8.295216815297953e-11
2.7027296612691655e-10,8.962736895175757e-10
2.8405334814759116e-10,9.135668072035585e-11
2.755326310018476e-10,1.954864394341597e-11
2.64554476559394e-10,2.6897284446936175e-11
2.725513973030521e-10,4.3112381731269524e-10
2.8500333619785324e-10,2.6223197793773245e-11
2.865494843337646e-10,3.055142291837528e-11
2.833911193679077e-10,6.936741829240608e-10
2.597901674256109e-10,8.538936457173444e-11
2.696039218088216e-10,1.4702785634164902e-10
2.303061976146233e-10,2.227458456756833e-11
2.4417937260166425e-10,2.9590386508478636e-10
2.6219664630566797e-10,3.003431124174819e-11
2.342382766533831e-10,1.0135843097798988e-10
2.6630671629603494e-10,2.3878617129898436e-11
2.3868162507267867e-10,6.093696089948253e-11
2.4946166831685266e-10,1.1959067494811867e-10
2.56142951113314e-10,2.7190643319315496e-11
2.481492991789532e-10,3.047396672969012e-11
2.4675351805864e-10,3.8976831887952794e-11
2.49916081250523e-10,2.8411975902346377e-10
2.4617144519049433e-10,6.547880280353506e-10
2.1217170645219477e-10,3.729365582646101e-11
2.3095315382221093e-10,7.18305565065395e-11
2.2011982044647013e-10,2.1233290838917894e-10
2.4771386223966983e-10,3.144198602367254e-10
2.0920665833035202e-10,4.130226357220342e-11
2.2814981170821147e-10,5.637647201813441e-10
2.33614497486175e-10,1.1454975287132167e-09
2.2484813784242238e-10,1.8286380025767102e-10
2.19562587001898e-10,2.7835629636522677e-09
2.256201188053734e-10,4.86411050826252e-11
2.371569652895311e-10,2.2266967341829275e-10
2.2059740693534483e-10,9.576411808727888e-11
2.3444386789001073e-10,1.2459408399075518e-10
2.2116057600089316e-10,4.591451752318972e-11
2.316958733238524e-10,3.1309183329275567e-11
2.2968179110710584e-10,7.866861057692631e-10
1.9372689355802904e-10,2.733024814978909e-11
1.9364983764498984e-10,1.902246848558183e-10
2.192350029614487e-10,2.7311654886748766e-11
1.940456229721869e-10,2.5177117016402427e-10
2.0747693140245789e-10,1.0129278435651775e-10
2.0393665518259051e-10,4.327727232874186e-11
2.0619907767499556e-10,2.110580469209348e-10
2.1011181818945493e-10,3.8502200007487866e-10
1.969660708631138e-10,2.3941318556356764e-11
2.0740820275144677e-10,5.65605700590203e-11
2.0763735830246302e-10,1.9566560192825952e-10
2.0784665002854252e-10,6.101088832662545e-11
2.1110828109655032e-10,2.876067622577712e-11
1.721568389442818e-10,3.324009068180385e-11
1.8651756131943254e-10,8.572645914250999e-11
1.923878186394871e-10,2.3981217833757285e-11
1.7712371388571106e-10,3.1476037728091675e-11
1.9208841350546827e-10,2.2137094977484988e-11
1.833500655967768e-10,2.0555982950624478e-10
1.873726423476385e-10,3.2109777590531387e-11
1.9095836316374014e-10,2.7388426313927164e-11
1.7591024048663196e-10,2.9144041568026266e-11
1.87988623954564e-10,2.1581206995543075e-10
1.9293629435248224e-10,2.686874688388278e-11
1.8405262971245747e-10,4.840770349752906e-11
1.5479850428388545e-10,3.007777134763264e-11
1.753712328411705e-10,3.3310067733734645e-11
1.6871321216888058e-10,3.5718574116957075e-11
1.7054941062327744e-10,2.896078266800828e-09
1.7074479257186046e-10,2.5413340577114714e-10
1.6950116227450647e-10,6.17483922512226e-11
1.6672947074127438e-10,2.970707672152647e-10
1.7149448064690543e-10,6.601968678114171e-10
1.7529688304170528e-10,2.6730368648160882e-11
1.685419876866027e-10,9.260494990837032e-11
1.6907320874494832e-10,1.0376052813620973e-10
1.7009859489362326e-10,3.938999546907832e-11
1.4278891498492596e-10,1.4715680182556905e-10
1.572833072033264e-10,3.28629721380036e-11
1.5740684940479532e-10,9.559387336155467e-11
1.5756808772332542e-10,2.85929468675968e-11
1.4543998950825958e-10,9.704876261877141e-11
1.5392197748551976e-10,7.283704329674734e-11
1.546675616803661e-10,3.2848249720274225e-11
1.5383749786823664e-10,2.3113425905071001e-10
1.5439028517028053e-10,6.711976173671512e-10
1.6209171024942719e-10,2.021630294742523e-11
1.4691214090210385e-10,2.5929838717668e-10
1.5372443816635828e-10,1.0377135987171826e-10
1.4031051397781861e-10,3.2166471030288985e-11
1.3181470475918482e-10,6.38096798510901e-11
1.5028691384653496e-10,2.777310708449813e-11
1.356152022101894e-10,2.944906535221984e-10
1.3706835465809863e-10,5.0958276217224115e-11
1.4716114813406734e-10,2.707120837275312e-10
1.3507785740912713e-10,2.8689649075689755e-10
1.3938764890780718e-10,3.8583050556336335e-11
1.4933990971910392e-10,4.242567989143353e-11
1.4131368538579844e-10,2.1320397149600842e-11
1.3806364019865644e-10,2.4854193695726204e-10
1.4319676246848934e-10,2.697785187096476e-11
1.35918341666319e-10,4.6918495625695534e-11
1.174796272152001e-10,7.067027694892166e-11
1.3195371839265965e-10,3.0256204715713624e-11
1.295235636888011e-10,2.152432304614038e-11
1.235451066852744e-10,3.312967285692044e-11
1.266383753033747e-10,8.081895467304534e-11
1.3228462560864e-10,4.09863152176874e-11
1.2559875238830434e-10,3.429682370696222e-11
1.2958155976849906e-10,3.850187000331573e-11
1.3050641596244287e-10,3.487654624730515e-11
1.2396150690559734e-10,2.8816607167136964e-11
1.303223123273282e-10,9.219500666235447e-11
1.2599237499734868e-10,5.869467721482854e-11
1.1327613530000743e-10,2.2558943269893975e-11
1.1399228790204274e-10,2.0590469927232272e-11
1.2039281568759775e-10,1.0548829482518822e-10
1.1489053040510585e-10,2.0898501592222138e-11
1.1435323401670639e-10,5.352658482745317e-11
1.169601456528039e-10,3.4024297496104695e-11
1.1512679924848464e-10,3.949982337510723e-11
1.2043134467731864e-10,3.099165466110184e-11
1.1233631881287417e-10,2.9127975812078453e-10
1.1678088644856422e-10,1.918198202175795e-11
1.2007112425484652e-10,1.767417145230136e-11
1.160484611031909e-10,2.215461392026293e-11
1.1700040183452536e-10,1.0046637022679642e-10
1.1628081154624325e-10,1.3502611631022176e-10
1.1854053192789093e-10,3.115082720939188e-11
1.1440192841151905e-10,4.573771839599949e-11
1.1473058480297264e-10,9.975477716454388e-11
1.1580575703986258e-10,5.235227648984579e-11
1.1816480918145725e-10,5.87517430483686e-11
1.1694661265262048e-10,8.510070446110518e-11
1.0057210242433075e-10,2.5872930797810058e-11
1.0448126370465882e-10,1.6625539858150517e-10
1.0773042488874489e-10,1.7710362496906977e-11
1.0610969678655675e-10,3.2126410269099165e-11
1.0934167541896504e-10,1.9516254438911584e-11
1.0555656364819033e-10,8.617774469588113e-11
1.1069953592772001e-10,1.8774800501312563e-11
1.0506920631823494e-10,1.2620907554605766e-10
1.0230006760823344e-10,1.591847936725325e-10
1.0809150039481352e-10,2.3170008753107634e-10
1.0760264024846829e-10,1.9593719287798923e-11
1.0454634329729965e-10,5.266697152469154e-11
9.133678847694782e-11,5.201282167003699e-11
9.900957481887943e-11,1.1992590336351583e-10
1.0219698708263669e-10,4.663976408969539e-11
9.84162915398934e-11,3.872452717009385e-11
9.30953156637789e-11,9.614715138125026e-11
9.69095041519763e-11,1.9526359375336237e-10
9.708698972173598e-11,4.139147200543647e-11
9.710912797685396e-11,1.9728663624984932e-11
9.763218844771604e-11,1.73953716505378e-11
1.0081094962144377e-10,3.391203601266213e-11
1.0151529051723636e-10,1.737904221134808e-11
9.20959281109727e-11,2.2726250795320386e-10
8.431483432177108e-11,2.2349813424045925e-11
8.896874941211053e-11,2.5116205481142314e-11
8.853803996946205e-11,5.107946120889532e-11
8.900045494752984e-11,2.998636797942507e-11
9.292698390043578e-11,9.299584679360133e-11
8.509897228929179e-11,2.1430266417913717e-11
9.043266608147841e-11,3.5266718390047916e-11
8.704279786386771e-11,1.7396763695350555e-11
9.155552360094281e-11,8.879821380055238e-11
8.720773815075929e-11,2.954285465336011e-11
9.08909641693841e-11,4.077355507855115e-11
9.040830378966488e-11,2.422930405569327e-11
7.586415669650719e-11,7.292444827259696e-11
8.181811943878496e-11,2.138891912935777e-11
8.195813100686512e-11,4.0043161810462046e-11
8.314444725857998e-11,2.1027148792522135e-11
8.032224902744985e-11,2.991537447945743e-11
8.132885408786613e-11,2.246856252626402e-11
8.144857405005071e-11,6.412112968738152e-11
8.223762071601915e-11,5.3980696636720304e-11
7.976507507880444e-11,3.57716725981246e-11
8.319808739443157e-11,2.927075853920158e-11
8.064212201295643e-11,2.4099845645035126e-11
8.376632595989235e-11,3.6211290545725325e-11
7.346465745600162e-11,3.2510324567599134e-11
7.209088176048557e-11,8.756659464204119e-11
7.635437711863331e-11,5.866178696134483e-11
7.806449714292673e-11,2.9906321156551265e-11
7.066769806366816e-11,1.3283595841813896e-10
7.553744105816736e-11,1.4985273713759757e-10
7.463439279746058e-11,3.845700761543706e-11
7.595433839889069e-11,1.7036264710982667e-11
7.382203808340797e-11,3.2155871348971134e-11
7.52505202863037e-11,2.4613805146844746e-11
7.436164215779417e-11,5.4301146296120706e-11
7.462448872267805e-11,3.490526711743177e-11
7.498307129788495e-11,6.357054681549457e-11
7.575218049227228e-11,1.720161779961149e-11
7.781645099819157e-11,1.906906123005925e-11
7.007295904359889e-11,2.224318759920981e-11
7.58478760377416e-11,5.356105858648578e-11
7.59838115163558e-11,4.90975826994422e-11
7.356954182987281e-11,1.9547562374322425e-11
7.639222340168524e-11,2.8354165208336706e-11
7.467886538418493e-11,3.9721106227889415e-10
7.270574431811338e-11,3.2929006438253696e-11
7.609247948357304e-11,3.17019921092232e-11
7.283999630403048e-11,1.3547420566103104e-10
7.764937244997272e-11,2.316452266763284e-11
7.567228292870709e-11,4.419542330251029e-11
7.431853209320198e-11,3.1983021083388984e-11
6.661913594802061e-11,3.863790857446444e-11
6.883837272477397e-11,8.991328965812783e-11
6.951013631351089e-11,1.4127073983220365e-10
6.682862031953674e-11,3.911252861218036e-11
6.923509987081614e-11,1.785033425331465e-11
7.194057758119765e-11,1.7468728428597183e-11
6.474535566847184e-11,9.206840395625804e-11
7.00019967506127e-11,2.5601531054390372e-11
6.927643395465698e-11,1.1869937062887934e-10
6.825838247404015e-11,2.9219544863308875e-11
7.241872194974074e-11,2.9321373453683465e-10
6.49407561540786e-11,2.1888463074456097e-11
7.046873817528888e-11,6.132061219725019e-11
6.84023356100257e-11,3.5607323754331216e-11
6.693475777900619e-11,8.65505027388321e-11
7.118080346812939e-11,2.3163232454326278e-11
6.668342269477989e-11,4.5098075781198804e-11
6.929299348201746e-11,3.9089911870367665e-11
6.025365523095368e-11,2.0686782535121277e-11
6.417302161748628e-11,2.3293648735804123e-11
6.316393824599513e-11,4.7384159657104516e-11
6.51724990243426e-11,1.8341334219000118e-11
6.153865958989183e-11,2.8500136517450868e-11
6.370419088630452e-11,1.9417595685985073e-11
6.269990435875394e-11,7.650332750260466e-11
6.411122256133605e-11,1.2579969073852245e-10
6.41604893288535e-11,1.9217358594262694e-11
6.256353674340595e-11,4.8847672155331405e-11
6.263775498606868e-11,6.21183008586712e-11
6.263726648192414e-11,2.9912258516414286e-11
5.833697613727428e-11,1.8487148006895992e-11
5.7881992530003e-11,1.6657437978036724e-11
5.812835780586815e-11,5.819100891146789e-11
5.8029292082650844e-11,2.3330257729418474e-11
5.871997209259497e-11,2.473924669010863e-11
5.7980414053711755e-11,2.6044329657729885e-11
5.768247302445628e-11,2.1084208629007505e-11
5.946740777492317e-11,5.943411914103673e-11
5.7431608348664415e-11,5.5196530527693947e-11
5.818465394769046e-11,3.183009782229777e-11
5.90970929599995e-11,6.206930933672083e-11
5.78982058296873e-11,1.818015956667196e-11
5.719962986687014e-11,4.735382019653104e-11
5.986000673613435e-11,1.0777593918061731e-10
5.82672281164894e-11,6.634916830764817e-11
5.824846922575233e-11,6.489477674638995e-10
5.897240433437127e-11,1.8458140169097527e-11
5.667702106156488e-11,3.1873204943873764e-11
5.933305766055626e-11,4.126158999103365e-11
5.877629123592539e-11,2.8659673691662963e-11
5.7027645600227217e-11,8.451160229035656e-11
5.869933772661984e-11,8.330063264357553e-11
5.804198161725912e-11,2.736149987229523e-11
5.883118592055666e-11,6.397521081410082e-11
6.069846463507833e-11,2.1319789994163804e-10
5.6531583670268076e-11,6.548380525606134e-11
5.731321202166277e-11,2.0570022109718997e-11
5.838864358074606e-11,2.0032625717517997e-11
5.869822680739286e-11,1.3971016108449418e-10
5.7987804999437567e-11,4.728035580270351e-11
5.887032797080582e-11,2.1652964847055736e-11
5.716836290655299e-11,9.057951455559988e-11
6.010533268457908e-11,2.3298565913580185e-11
5.749008303856939e-11,2.135846494296286e-11
5.728198268865429e-11,3.1573773684456796e-11
5.799806242490213e-11,3.398901012308109e-11
6.017456350334201e-11,1.8355134435525205e-11
5.101638811585059e-11,1.7706147480608022e-11
5.2670659932603964e-11,1.797871124013343e-11
5.5565836969140304e-11,2.07454737943813e-11
5.4895461153633046e-11,1.7245617249528333e-11
5.22225363628707e-11,1.724341304557934e-11
5.482270643379176e-11,1.7563447730906122e-11
5.324662656162419e-11,1.5954778624186854e-11
5.3671817852133746e-11,4.6937190232669106e-11
5.3048729930134837e-11,1.9287196967310293e-11
5.376979957116834e-11,7.378778973018048e-11
5.3582947265780794e-11,2.4556710589059468e-11
5.396790833297101e-11,2.2769449867232615e-11
4.878872988574775e-11,2.6682743446230597e-11
4.946348977722762e-11,4.99410481191731e-11
4.9550720427245696e-11,2.6506300540574124e-11
5.0685192117908934e-11,2.7148220954620327e-11
5.014710857213315e-11,3.9875344798323554e-11
4.840982628280995e-11,6.32737563899255e-11
5.025422451325016e-11,3.0652238501109135e-11
5.0456392216661574e-11,7.026322961234399e-11
4.891466698029682e-11,9.664869222344071e-11
4.8927853474323155e-11,2.3029804031201214e-10
5.095579953771449e-11,1.0275187969366328e-10
4.893385201395114e-11,1.6705351096509466e-10
5.031647793418692e-11,4.3259756462206886e-11
5.2422637777937984e-11,1.5876573262555796e-11
4.6902962380634964e-11,1.607920921816349e-10
5.1296927173113034e-11,9.264626127010918e-11
4.848358205096955e-11,9.395052575171074e-11
4.9408250840191994e-11,1.341269565413583e-10
5.26504670778083e-11,3.760661412462637e-11
4.745073729726472e-11,6.55147192348456e-11
5.005032807832895e-11,1.8138162806898467e-11
4.959475022372114e-11,1.777483032705529e-11
5.046209439150499e-11,2.500649732839477e-11
4.8127087933410215e-11,4.0075714539492914e-11
5.1076574956084497e-11,3.905114857409113e-11
4.896482283800463e-11,1.660403656604063e-11
4.4734258874505146e-11,6.221494908698055e-11
4.610204211117723e-11,3.040482929872468e-11
4.661159403081724e-11,5.470453529610175e-11
4.502700541355228e-11,1.828818524581462e-11
4.6198755263478685e-11,2.972050974399861e-11
4.6736956393437594e-11,2.4479816186177375e-11
4.670347603559962e-11,1.312709055012462e-10
4.555875306640663e-11,2.387652685749882e-11
4.542382084082863e-11,3.658102563271666e-11
4.647860962584775e-11,2.126232060232584e-11
4.666909568841933e-11,2.5300766651192853e-11
4.579108402365713e-11,2.016692953095885e-11
4.333339651505878e-11,1.753689702806612e-11
4.185815386155885e-11,2.1732189139922476e-11
4.215685347243777e-11,2.063069197144607e-11
4.2195601098378904e-11,2.772901941764753e-11
4.25232930918266e-11,3.946851637737225e-11
4.3882668740446993e-11,3.312699274338193e-11
4.3269841435341255e-11,1.8036712636411895e-11
4.214565266040064e-11,3.815740078165023e-11
4.329067319804499e-11,1.549288783745754e-11
4.2302133647827605e-11,3.214676503882074e-11
4.425555121904494e-11,1.6551071653954825e-11
4.4009510026069935e-11,3.77134403854266e-11
4.104706196652226e-11,4.88188363530669e-11
4.2690667027371155e-11,2.2077017443796383e-11
4.21259670873216e-11,1.6061295732283653e-11
4.301425509251056e-11,5.916407157154543e-11
4.272106101654849e-11,8.915880405080401e-11
4.395709401148566e-11,3.001578252244859e-11
4.207445760221843e-11,1.6540400741652897e-11
4.276135459150658e-11,1.480445490346464e-10
4.260047068993522e-11,2.211305420903494e-11
4.256036035774994e-11,4.1944672179994315e-11
4.3071254445895916e-11,1.8997142379554668e-11
4.2683251900987875e-11,3.483070465567136e-11
3.8596944615387765e-11,1.6404872861993288e-11
4.010961748707187e-11,1.8469820463421862e-10
3.9206003634347414e-11,3.4252694650997264e-11
4.1077446801910756e-11,2.0446768374723e-11
3.95015415849409e-11,3.971194626843181e-11
3.977312101749453e-11,2.3665530875701297e-11
4.025367733538158e-11,1.8414765855697307e-11
3.9865574171886e-11,2.3734584007432484e-11
3.996451738985663e-11,1.7066573932781696e-11
4.003819019891367e-11,2.4644732502891268e-11
4.0914864771202096e-11,5.065810398755902e-11
3.8204131904788037e-11,5.4105595270748097e-11
4.1022437116677854e-11,3.941931448111132e-11
3.8795729985959444e-11,3.205981710848367e-11
4.1818880620880796e-11,1.9655341145415523e-11
3.902680622697163e-11,1.363034227930271e-10
3.890488446863424e-11,6.532427540006936e-11
4.038243907369029e-11,3.8215980824318766e-11
4.0412959886419276e-11,1.8171548221701528e-11
3.871476321054557e-11,4.893889011074274e-11
4.045457965469919e-11,3.7076804831892575e-11
3.979048492502857e-11,2.580726333282583e-11
4.0528171921239144e-11,1.6026458996010185e-11
3.6088361303939405e-11,1.5935926411340487e-11
3.6270560485144694e-11,3.1524306233025415e-11
3.726961413004955e-11,1.7866145978392052e-11
3.7589175153988445e-11,2.0636909422074486e-11
3.695438091690558e-11,7.704384479649089e-11
3.7101125077709796e-11,1.33954667343635e-10
3.722564386049454e-11,2.148108418827584e-11
3.739767307081587e-11,4.713598472094738e-11
3.61276103565585e-11,2.5747405037653455e-11
3.8425473673775464e-11,7.145002443772105e-11
3.7144222225319696e-11,2.3166687162142392e-11
3.705644821179928e-11,1.7591548754728828e-11
3.361960342849561e-11,2.7293967378808996e-11
3.4505534395508816e-11,1.6513131966452063e-11
3.492733946138434e-11,5.7008658482793354e-11
3.47661737939986e-11,2.1999593866987393e-11
3.503840617323043e-11,2.8828571430050688e-11
3.417935819557035e-11,1.5408868739297255e-11
3.556823197081727e-11,2.2922777529836105e-11
3.407165143585559e-11,2.3415219203385777e-11
3.4754705019920026e-11,2.1341877988930355e-11
3.521108454621983e-11,1.6182198925296377e-11
3.4011593792275067e-11,3.002627616544018e-11
3.545874926273266e-11,1.5508953534378496e-11
3.216529727567696e-11,1.4916881616033883e-11
3.226540054486933e-11,2.5078669356008257e-11
3.2942447692844525e-11,3.681794358464015e-11
3.270525399852916e-11,1.948729012324346e-11
3.191947257156584e-11,7.844577119368405e-11
3.3273874812389524e-11,1.470483046300819e-11
3.217238265194415e-11,3.995847813187403e-11
3.2986905258251355e-11,1.8345646563925714e-11
3.257480092102212e-11,5.6681638625303656e-11
3.241858833093655e-11,1.6801634356022887e-11
3.277723991113035e-11,1.6538523800457837e-11
3.247849614529397e-11,2.405540756866831e-11
3.282374957530587e-11,1.5691284073933905e-11
3.208814530937983e-11,3.1120671947770794e-11
3.326664406074394e-11,1.87768028065786e-11
3.225963513773615e-11,2.1200943061313222e-11
3.0269421308348755e-11,2.025514944936635e-11
3.0285794234049166e-11,2.413272841931639e-11
3.032582173712051e-11,2.0791645803190187e-11
3.0990703906811726e-11,4.515160478095008e-11
3.099988401903767e-11,7.893865252572852e-11
3.074488864144668e-11,2.6390723297427717e-11
3.0362066450369725e-11,2.7312757973814903e-11
3.089423562807614e-11,3.3886027413683926e-11
3.056487007657704e-11,2.8156980633187166e-11
3.0653992643311e-11,1.6553619054208527e-11
3.0949929774130397e-11,1.769624539682546e-11
3.045841301951846e-11,2.4114473990792067e-11
2.8932284872051904e-11,1.7520085765498906e-11
2.8527031166458717e-11,1.9327731605918902e-11
2.875456265224082e-11,5.13293110349089e-11
2.9048833042703374e-11,1.9834112707783902e-11
2.8816941037105673e-11,1.762524710809584e-11
2.8474569643370066e-11,2.1695001202933402e-11
2.948475543903169e-11,2.2538146221551257e-11
2.931843117170985e-11,7.369431125707019e-11
2.8721244455428193e-11,1.856251585219404e-11
2.8816873149280682e-11,1.6170398549804805e-11
2.9036164990448032e-11,1.7752892681836367e-11
2.882599801773411e-11,1.9201999455302025e-11
